"Distance","mean","sd","max_val","max_att","min_val","min_att","attributes","class"
"0.24348364200032255","0.0011819594271860318","0.0031228580025877573","0.0","_Rcdminutes='(1154.5-inf)'_Temperature='(19.9737-21.7181]'_Humidity='(41.05725-44.29965]'_Light='(10.58-106.72]'_Class=1","0.023792357606344627","_Rcdminutes='(288.5-576.5]'_Temperature='(-inf-19.9737]'_Humidity='(36.8011-41.05725]'_Light='(242.88-699.2]'_Class=1","_Rcdminutes_Temperature_Humidity_Light","1"
"0.48188214883748937","0.0026623323140192784","0.005622019410799119","0.0","_Rcdminutes='(576.5-873.5]'_Temperature='(23.4527-30.5773]'_Light=*_Voltage='(2.645535-inf)'_Class=1","0.047293579922976","_Rcdminutes='(288.5-576.5]'_Temperature='(-inf-19.9737]'_Light=*_Voltage='(2.645535-inf)'_Class=1","_Rcdminutes_Temperature_Light_Voltage","1"
"0.5061946404386436","0.0024813462766600175","0.004573956376185109","0.0","_Rcdminutes='(873.5-1154.5]'_Temperature='(23.4527-30.5773]'_Humidity='(29.31155-36.8011]'_Voltage=*_Class=1","0.027656693046679927","_Rcdminutes='(288.5-576.5]'_Temperature='(19.9737-21.7181]'_Humidity='(29.31155-36.8011]'_Voltage=*_Class=1","_Rcdminutes_Temperature_Humidity_Voltage","1"
"0.5550916395624238","0.00276164994807176","0.005364796340791985","0.0","_Temperature=*_Humidity='(-inf-29.31155]'_Light='(242.88-699.2]'_Voltage='(-inf-2.32455]'_Class=1","0.030821917808219176","_Temperature=*_Humidity='(29.31155-36.8011]'_Light='(242.88-699.2]'_Voltage='(2.645535-inf)'_Class=1","_Temperature_Humidity_Light_Voltage","1"
"0.6487918688610235","0.0030603390040614313","0.005484876782767053","0.0","_Rcdminutes='(576.5-873.5]'_Humidity=*_Light='(242.88-699.2]'_Voltage='(2.645535-inf)'_Class=1","0.03645943543950231","_Rcdminutes='(873.5-1154.5]'_Humidity=*_Light='(242.88-699.2]'_Voltage='(2.645535-inf)'_Class=1","_Rcdminutes_Humidity_Light_Voltage","1"
"0.29781669088567064","0.0015194729126819931","0.003221348447197183","0.0","_Rcdminutes='(576.5-873.5]'_Temperature='(23.4527-30.5773]'_Humidity='(29.31155-36.8011]'_Light='(242.88-699.2]'_Class=2","0.01835467194059887","_Rcdminutes='(-inf-288.5]'_Temperature='(-inf-19.9737]'_Humidity='(36.8011-41.05725]'_Light='(106.72-242.88]'_Class=2","_Rcdminutes_Temperature_Humidity_Light","2"
"0.46114564171428657","0.00253376726216641","0.004448060551995713","0.0","_Rcdminutes='(576.5-873.5]'_Temperature='(23.4527-30.5773]'_Light=*_Voltage='(2.645535-inf)'_Class=2","0.026085995357577097","_Rcdminutes='(288.5-576.5]'_Temperature='(-inf-19.9737]'_Light=*_Voltage='(2.645535-inf)'_Class=2","_Rcdminutes_Temperature_Light_Voltage","2"
"0.5519668380185319","0.002732509099101643","0.004406170529324368","0.0","_Rcdminutes='(1154.5-inf)'_Temperature='(30.5773-inf)'_Humidity='(-inf-29.31155]'_Voltage='(-inf-2.32455]'_Class=2","0.02652579716179175","_Rcdminutes='(288.5-576.5]'_Temperature='(-inf-19.9737]'_Humidity='(-inf-29.31155]'_Voltage='(-inf-2.32455]'_Class=2","_Rcdminutes_Temperature_Humidity_Voltage","2"
"0.629432242757326","0.0036383366633371446","0.006889223362763772","0.0","_Temperature='(30.5773-inf)'_Humidity='(-inf-29.31155]'_Light='(106.72-242.88]'_Voltage='(-inf-2.32455]'_Class=2","0.05492522813226467","_Temperature='(-inf-19.9737]'_Humidity='(-inf-29.31155]'_Light='(106.72-242.88]'_Voltage='(-inf-2.32455]'_Class=2","_Temperature_Humidity_Light_Voltage","2"
"0.7002392306200802","0.003399219566116894","0.004802742802810952","0.0","_Rcdminutes='(576.5-873.5]'_Humidity=*_Light='(242.88-699.2]'_Voltage='(2.645535-inf)'_Class=2","0.026417596993478502","_Rcdminutes='(873.5-1154.5]'_Humidity=*_Light='(242.88-699.2]'_Voltage='(2.645535-inf)'_Class=2","_Rcdminutes_Humidity_Light_Voltage","2"
"0.2855430285128535","0.0014643232231428386","0.0034969962758586697","0.0","_Rcdminutes='(-inf-288.5]'_Temperature='(19.9737-21.7181]'_Humidity='(41.05725-44.29965]'_Light='(10.58-106.72]'_Class=3","0.025522144213361592","_Rcdminutes='(288.5-576.5]'_Temperature='(-inf-19.9737]'_Humidity='(36.8011-41.05725]'_Light='(242.88-699.2]'_Class=3","_Rcdminutes_Temperature_Humidity_Light","3"
"0.4799716387156281","0.002651777009478608","0.005382620430983713","0.0","_Rcdminutes='(576.5-873.5]'_Temperature='(23.4527-30.5773]'_Light=*_Voltage='(2.645535-inf)'_Class=3","0.04121154006503794","_Rcdminutes='(288.5-576.5]'_Temperature='(-inf-19.9737]'_Light=*_Voltage='(2.645535-inf)'_Class=3","_Rcdminutes_Temperature_Light_Voltage","3"
"0.5221500637592091","0.002428604947717252","0.004548323233246963","0.0","_Rcdminutes='(576.5-873.5]'_Temperature='(30.5773-inf)'_Humidity='(-inf-29.31155]'_Voltage=*_Class=3","0.024881882810085222","_Rcdminutes='(288.5-576.5]'_Temperature='(19.9737-21.7181]'_Humidity='(29.31155-36.8011]'_Voltage=*_Class=3","_Rcdminutes_Temperature_Humidity_Voltage","3"
"0.5391982540366426","0.002709538965008254","0.005061298838578546","0.0","_Temperature=*_Humidity='(-inf-29.31155]'_Light='(242.88-699.2]'_Voltage='(-inf-2.32455]'_Class=3","0.030313065748222724","_Temperature=*_Humidity='(29.31155-36.8011]'_Light='(242.88-699.2]'_Voltage='(2.645535-inf)'_Class=3","_Temperature_Humidity_Light_Voltage","3"
"0.6475949834604032","0.003098540590719633","0.0055120446424109125","0.0","_Rcdminutes='(576.5-873.5]'_Humidity=*_Light='(242.88-699.2]'_Voltage='(2.645535-inf)'_Class=3","0.03921037271741849","_Rcdminutes='(873.5-1154.5]'_Humidity=*_Light='(242.88-699.2]'_Voltage='(2.645535-inf)'_Class=3","_Rcdminutes_Humidity_Light_Voltage","3"
"0.20995822621183036","0.0010822588979991256","0.0030258733647067436","0.0","_Rcdminutes='(-inf-288.5]'_Temperature='(19.9737-21.7181]'_Humidity='(41.05725-44.29965]'_Light='(10.58-106.72]'_Class=4","0.025642769691198476","_Rcdminutes='(-inf-288.5]'_Temperature='(-inf-19.9737]'_Humidity='(36.8011-41.05725]'_Light='(10.58-106.72]'_Class=4","_Rcdminutes_Temperature_Humidity_Light","4"
"0.4401573333974089","0.002458979516186642","0.004632825389596399","0.0","_Rcdminutes='(1154.5-inf)'_Temperature='(21.7181-23.4527]'_Light=*_Voltage='(2.479845-2.5879]'_Class=4","0.025069323667900337","_Rcdminutes='(288.5-576.5]'_Temperature='(-inf-19.9737]'_Light=*_Voltage='(2.645535-inf)'_Class=4","_Rcdminutes_Temperature_Light_Voltage","4"
"0.5619129342203992","0.002768044010937927","0.006224425207745746","0.0","_Rcdminutes='(1154.5-inf)'_Temperature='(30.5773-inf)'_Humidity='(-inf-29.31155]'_Voltage=*_Class=4","0.048610166417267495","_Rcdminutes='(288.5-576.5]'_Temperature='(19.9737-21.7181]'_Humidity='(29.31155-36.8011]'_Voltage=*_Class=4","_Rcdminutes_Temperature_Humidity_Voltage","4"
"0.5814359055801461","0.00321235306950357","0.00747678450252929","0.0","_Temperature=*_Humidity='(-inf-29.31155]'_Light='(106.72-242.88]'_Voltage='(-inf-2.32455]'_Class=4","0.06488913073051286","_Temperature=*_Humidity='(29.31155-36.8011]'_Light='(242.88-699.2]'_Voltage='(2.645535-inf)'_Class=4","_Temperature_Humidity_Light_Voltage","4"
"0.716545994760219","0.003547257399803064","0.005737865762562725","0.0","_Rcdminutes='(576.5-873.5]'_Humidity=*_Light='(242.88-699.2]'_Voltage='(-inf-2.32455]'_Class=4","0.036366934203963176","_Rcdminutes='(873.5-1154.5]'_Humidity=*_Light='(242.88-699.2]'_Voltage='(2.645535-inf)'_Class=4","_Rcdminutes_Humidity_Light_Voltage","4"
"Infinity","Infinity","Infinity","Infinity","Does not exist","Infinity","Does not exist","Does not exist","5"
"Infinity","Infinity","Infinity","Infinity","Does not exist","Infinity","Does not exist","Does not exist","5"
"Infinity","Infinity","Infinity","Infinity","Does not exist","Infinity","Does not exist","Does not exist","5"
"Infinity","Infinity","Infinity","Infinity","Does not exist","Infinity","Does not exist","Does not exist","5"
"Infinity","Infinity","Infinity","Infinity","Does not exist","Infinity","Does not exist","Does not exist","5"
"0.329789443780765","0.001403359335237298","0.003912277968867994","0.0","_Rcdminutes='(576.5-873.5]'_Temperature='(-inf-19.9737]'_Humidity='(-inf-29.31155]'_Light='(699.2-inf)'_Class=6","0.03533329570469041","_Rcdminutes='(-inf-288.5]'_Temperature='(19.9737-21.7181]'_Humidity='(29.31155-36.8011]'_Light='(106.72-242.88]'_Class=6","_Rcdminutes_Temperature_Humidity_Light","6"
"0.5417125016147281","0.0026950870727100898","0.0053478431817797325","0.0","_Rcdminutes='(576.5-873.5]'_Temperature='(-inf-19.9737]'_Light=*_Voltage='(-inf-2.32455]'_Class=6","0.03533329570469041","_Rcdminutes='(288.5-576.5]'_Temperature='(-inf-19.9737]'_Light=*_Voltage='(2.5879-2.645535]'_Class=6","_Rcdminutes_Temperature_Light_Voltage","6"
"0.5547958024585302","0.002889561471138178","0.005165940346123435","0.0","_Rcdminutes='(-inf-288.5]'_Temperature='(-inf-19.9737]'_Humidity='(-inf-29.31155]'_Voltage=*_Class=6","0.03677259129649489","_Rcdminutes='(288.5-576.5]'_Temperature='(19.9737-21.7181]'_Humidity='(29.31155-36.8011]'_Voltage=*_Class=6","_Rcdminutes_Temperature_Humidity_Voltage","6"
"0.555714929074143","0.002849820149098169","0.006261581805807583","0.0","_Temperature=*_Humidity='(-inf-29.31155]'_Light='(10.58-106.72]'_Voltage='(-inf-2.32455]'_Class=6","0.060083535587289044","_Temperature=*_Humidity='(36.8011-41.05725]'_Light='(699.2-inf)'_Voltage='(2.5879-2.645535]'_Class=6","_Temperature_Humidity_Light_Voltage","6"
"0.7455258652061947","0.0035001214328929326","0.006154918216630452","0.0","_Rcdminutes='(576.5-873.5]'_Humidity=*_Light='(699.2-inf)'_Voltage='(-inf-2.32455]'_Class=6","0.051334876107693175","_Rcdminutes='(873.5-1154.5]'_Humidity=*_Light='(699.2-inf)'_Voltage='(2.645535-inf)'_Class=6","_Rcdminutes_Humidity_Light_Voltage","6"
"0.23863818712873408","0.001033065745146035","0.002709082427416801","0.0","_Rcdminutes='(-inf-288.5]'_Temperature='(19.9737-21.7181]'_Humidity='(41.05725-44.29965]'_Light='(-inf-10.58]'_Class=7","0.02009734950754839","_Rcdminutes='(-inf-288.5]'_Temperature='(-inf-19.9737]'_Humidity='(36.8011-41.05725]'_Light='(106.72-242.88]'_Class=7","_Rcdminutes_Temperature_Humidity_Light","7"
"0.4246841551403132","0.002144869470405622","0.004184134524073218","0.0","_Rcdminutes='(-inf-288.5]'_Temperature='(-inf-19.9737]'_Light=*_Voltage='(2.645535-inf)'_Class=7","0.025449977630175175","_Rcdminutes='(288.5-576.5]'_Temperature='(-inf-19.9737]'_Light=*_Voltage='(2.645535-inf)'_Class=7","_Rcdminutes_Temperature_Light_Voltage","7"
"0.54407703207052","0.00257856413303564","0.0054222947288883475","0.0","_Rcdminutes='(1154.5-inf)'_Temperature='(30.5773-inf)'_Humidity='(-inf-29.31155]'_Voltage=*_Class=7","0.03848347720272274","_Rcdminutes='(288.5-576.5]'_Temperature='(19.9737-21.7181]'_Humidity='(29.31155-36.8011]'_Voltage=*_Class=7","_Rcdminutes_Temperature_Humidity_Voltage","7"
"0.6032516199599862","0.0028058214881859825","0.006860468568632507","0.0","_Temperature=*_Humidity='(-inf-29.31155]'_Light='(106.72-242.88]'_Voltage='(-inf-2.32455]'_Class=7","0.06394265505570977","_Temperature=*_Humidity='(29.31155-36.8011]'_Light='(242.88-699.2]'_Voltage='(2.645535-inf)'_Class=7","_Temperature_Humidity_Light_Voltage","7"
"0.688061013113695","0.0028669208879737295","0.004938672817688521","0.0","_Rcdminutes='(576.5-873.5]'_Humidity=*_Light='(242.88-699.2]'_Voltage='(-inf-2.32455]'_Class=7","0.03363501540099631","_Rcdminutes='(873.5-1154.5]'_Humidity=*_Light='(242.88-699.2]'_Voltage='(2.645535-inf)'_Class=7","_Rcdminutes_Humidity_Light_Voltage","7"
"0.12775508265247956","8.404939648189445E-4","0.005318700488850806","0.0","_Rcdminutes='(-inf-288.5]'_Temperature='(30.5773-inf)'_Humidity='(41.05725-44.29965]'_Light='(-inf-10.58]'_Class=8","0.05","_Rcdminutes='(-inf-288.5]'_Temperature='(-inf-19.9737]'_Humidity='(36.8011-41.05725]'_Light='(106.72-242.88]'_Class=8","_Rcdminutes_Temperature_Humidity_Light","8"
"0.42283710177971995","0.0035532529561321004","0.0067565541157563625","0.0","_Rcdminutes='(-inf-288.5]'_Temperature='(-inf-19.9737]'_Light=*_Voltage='(2.645535-inf)'_Class=8","0.02900753689277345","_Rcdminutes='(288.5-576.5]'_Temperature='(-inf-19.9737]'_Light=*_Voltage='(2.645535-inf)'_Class=8","_Rcdminutes_Temperature_Light_Voltage","8"
"0.7298673126860471","0.005792597719730532","0.015695104453200073","0.0","_Rcdminutes='(873.5-1154.5]'_Temperature='(30.5773-inf)'_Humidity='(-inf-29.31155]'_Voltage=*_Class=8","0.125","_Rcdminutes='(576.5-873.5]'_Temperature='(-inf-19.9737]'_Humidity='(36.8011-41.05725]'_Voltage=*_Class=8","_Rcdminutes_Temperature_Humidity_Voltage","8"
"0.5756349357147382","0.004394159814616322","0.014916988481015013","0.0","_Temperature=*_Humidity='(-inf-29.31155]'_Light='(699.2-inf)'_Voltage='(-inf-2.32455]'_Class=8","0.15","_Temperature=*_Humidity='(36.8011-41.05725]'_Light='(699.2-inf)'_Voltage='(2.645535-inf)'_Class=8","_Temperature_Humidity_Light_Voltage","8"
"0.8030828424852745","0.005655512975248412","0.012211024239834103","0.0","_Rcdminutes='(576.5-873.5]'_Humidity=*_Light='(699.2-inf)'_Voltage='(-inf-2.32455]'_Class=8","0.075","_Rcdminutes='(873.5-1154.5]'_Humidity=*_Light='(699.2-inf)'_Voltage='(2.645535-inf)'_Class=8","_Rcdminutes_Humidity_Light_Voltage","8"
"0.29714402851307","0.0012752962597127467","0.003664816561903746","0.0","_Rcdminutes='(-inf-288.5]'_Temperature='(-inf-19.9737]'_Humidity='(44.29965-inf)'_Light='(-inf-10.58]'_Class=9","0.02760764879143485","_Rcdminutes='(-inf-288.5]'_Temperature='(-inf-19.9737]'_Humidity='(36.8011-41.05725]'_Light='(10.58-106.72]'_Class=9","_Rcdminutes_Temperature_Humidity_Light","9"
"0.5005886647847605","0.0028122958695773062","0.007591532013506816","0.0","_Rcdminutes='(576.5-873.5]'_Temperature='(21.7181-23.4527]'_Light=*_Voltage='(2.645535-inf)'_Class=9","0.05015746378332983","_Rcdminutes='(288.5-576.5]'_Temperature='(-inf-19.9737]'_Light=*_Voltage='(2.645535-inf)'_Class=9","_Rcdminutes_Temperature_Light_Voltage","9"
"0.5220747394913887","0.0027623002089491467","0.005849449691399772","0.0","_Rcdminutes='(1154.5-inf)'_Temperature='(30.5773-inf)'_Humidity='(-inf-29.31155]'_Voltage=*_Class=9","0.03976342980036467","_Rcdminutes='(576.5-873.5]'_Temperature='(-inf-19.9737]'_Humidity='(36.8011-41.05725]'_Voltage=*_Class=9","_Rcdminutes_Temperature_Humidity_Voltage","9"
"0.45522455100650155","0.0021272175280677643","0.006811922211320992","0.0","_Temperature=*_Humidity='(-inf-29.31155]'_Light='(699.2-inf)'_Voltage='(-inf-2.32455]'_Class=9","0.05652438169152368","_Temperature=*_Humidity='(36.8011-41.05725]'_Light='(699.2-inf)'_Voltage='(2.645535-inf)'_Class=9","_Temperature_Humidity_Light_Voltage","9"
"0.6583380782446219","0.0030061099463224742","0.006517913872861327","0.0","_Rcdminutes='(576.5-873.5]'_Humidity=*_Light='(699.2-inf)'_Voltage='(2.645535-inf)'_Class=9","0.036405626705857654","_Rcdminutes='(873.5-1154.5]'_Humidity=*_Light='(699.2-inf)'_Voltage='(2.645535-inf)'_Class=9","_Rcdminutes_Humidity_Light_Voltage","9"
"0.23905856015081883","0.0010965988997743983","0.0027289330291481216","0.0","_Rcdminutes='(1154.5-inf)'_Temperature='(19.9737-21.7181]'_Humidity='(44.29965-inf)'_Light='(-inf-10.58]'_Class=10","0.01999575911789652","_Rcdminutes='(-inf-288.5]'_Temperature='(-inf-19.9737]'_Humidity='(36.8011-41.05725]'_Light='(10.58-106.72]'_Class=10","_Rcdminutes_Temperature_Humidity_Light","10"
"0.4254592385120665","0.0023122784701742746","0.004625097923381705","0.0","_Rcdminutes='(1154.5-inf)'_Temperature='(19.9737-21.7181]'_Light=*_Voltage='(2.5879-2.645535]'_Class=10","0.022354188759278897","_Rcdminutes='(288.5-576.5]'_Temperature='(-inf-19.9737]'_Light=*_Voltage='(2.645535-inf)'_Class=10","_Rcdminutes_Temperature_Light_Voltage","10"
"0.5724068962229614","0.002805916157955693","0.006500148029092416","0.0","_Rcdminutes='(1154.5-inf)'_Temperature='(30.5773-inf)'_Humidity='(-inf-29.31155]'_Voltage=*_Class=10","0.0520568278201866","_Rcdminutes='(576.5-873.5]'_Temperature='(-inf-19.9737]'_Humidity='(36.8011-41.05725]'_Voltage=*_Class=10","_Rcdminutes_Temperature_Humidity_Voltage","10"
"0.6095981910366735","0.002848589677741465","0.006757729916899568","0.0","_Temperature='(30.5773-inf)'_Humidity='(-inf-29.31155]'_Light='(242.88-699.2]'_Voltage='(-inf-2.32455]'_Class=10","0.05313825275657337","_Temperature='(19.9737-21.7181]'_Humidity='(36.8011-41.05725]'_Light='(242.88-699.2]'_Voltage='(2.645535-inf)'_Class=10","_Temperature_Humidity_Light_Voltage","10"
"0.7431859098378572","0.003259587323850251","0.005854521795315343","0.0","_Rcdminutes='(1154.5-inf)'_Humidity=*_Light='(10.58-106.72]'_Voltage='(-inf-2.32455]'_Class=10","0.039037319762510604","_Rcdminutes='(873.5-1154.5]'_Humidity=*_Light='(242.88-699.2]'_Voltage='(2.645535-inf)'_Class=10","_Rcdminutes_Humidity_Light_Voltage","10"
"0.3091993868019042","0.0012518193797647942","0.0038226645251005454","0.0","_Rcdminutes='(-inf-288.5]'_Temperature='(-inf-19.9737]'_Humidity='(44.29965-inf)'_Light='(-inf-10.58]'_Class=11","0.03811228032690561","_Rcdminutes='(-inf-288.5]'_Temperature='(-inf-19.9737]'_Humidity='(41.05725-44.29965]'_Light='(699.2-inf)'_Class=11","_Rcdminutes_Temperature_Humidity_Light","11"
"0.3573718582514116","0.001631834969184528","0.004909312852046888","0.0","_Rcdminutes='(-inf-288.5]'_Temperature='(-inf-19.9737]'_Light=*_Voltage='(2.479845-2.5879]'_Class=11","0.0537815853236414","_Rcdminutes='(-inf-288.5]'_Temperature='(-inf-19.9737]'_Light=*_Voltage='(2.645535-inf)'_Class=11","_Rcdminutes_Temperature_Light_Voltage","11"
"0.6059200674128151","0.0025246669475533965","0.00515460988391468","0.0","_Rcdminutes='(576.5-873.5]'_Temperature='(30.5773-inf)'_Humidity='(-inf-29.31155]'_Voltage=*_Class=11","0.03335826077666791","_Rcdminutes='(576.5-873.5]'_Temperature='(-inf-19.9737]'_Humidity='(41.05725-44.29965]'_Voltage=*_Class=11","_Rcdminutes_Temperature_Humidity_Voltage","11"
"0.5286174380538147","0.002230453325121581","0.006658653213397631","0.0","_Temperature='(30.5773-inf)'_Humidity='(-inf-29.31155]'_Light='(699.2-inf)'_Voltage='(-inf-2.32455]'_Class=11","0.0595320762779766","_Temperature='(-inf-19.9737]'_Humidity='(44.29965-inf)'_Light='(242.88-699.2]'_Voltage='(2.645535-inf)'_Class=11","_Temperature_Humidity_Light_Voltage","11"
"0.7045405582094356","0.002628882679885954","0.005203972502130672","0.0","_Rcdminutes='(-inf-288.5]'_Humidity=*_Light='(-inf-10.58]'_Voltage='(2.479845-2.5879]'_Class=11","0.0409527518172378","_Rcdminutes='(873.5-1154.5]'_Humidity=*_Light='(699.2-inf)'_Voltage='(2.645535-inf)'_Class=11","_Rcdminutes_Humidity_Light_Voltage","11"
"0.34489601258329383","0.0015893825464667918","0.006400578882627301","0.0","_Rcdminutes='(-inf-288.5]'_Temperature='(-inf-19.9737]'_Humidity='(44.29965-inf)'_Light='(-inf-10.58]'_Class=12","0.07187301587301587","_Rcdminutes='(-inf-288.5]'_Temperature='(-inf-19.9737]'_Humidity='(41.05725-44.29965]'_Light='(10.58-106.72]'_Class=12","_Rcdminutes_Temperature_Humidity_Light","12"
"0.4268721596049484","0.0022117728476940333","0.006681080420049122","0.0","_Rcdminutes='(-inf-288.5]'_Temperature='(-inf-19.9737]'_Light=*_Voltage='(2.32455-2.479845]'_Class=12","0.05758730158730159","_Rcdminutes='(288.5-576.5]'_Temperature='(-inf-19.9737]'_Light=*_Voltage='(2.645535-inf)'_Class=12","_Rcdminutes_Temperature_Light_Voltage","12"
"0.6378900699974213","0.00342951650536248","0.00575223052097669","0.0","_Rcdminutes='(-inf-288.5]'_Temperature='(-inf-19.9737]'_Humidity='(44.29965-inf)'_Voltage=*_Class=12","0.03545462705322682","_Rcdminutes='(576.5-873.5]'_Temperature='(-inf-19.9737]'_Humidity='(41.05725-44.29965]'_Voltage=*_Class=12","_Rcdminutes_Temperature_Humidity_Voltage","12"
"0.5166693480252407","0.0023169029059427835","0.006329842176484577","0.0","_Temperature='(-inf-19.9737]'_Humidity='(44.29965-inf)'_Light='(-inf-10.58]'_Voltage='(2.5879-2.645535]'_Class=12","0.060676779463243874","_Temperature='(-inf-19.9737]'_Humidity='(44.29965-inf)'_Light='(242.88-699.2]'_Voltage='(2.645535-inf)'_Class=12","_Temperature_Humidity_Light_Voltage","12"
"0.6621744250822433","0.0026917659556188753","0.005269273758335344","0.0","_Rcdminutes='(-inf-288.5]'_Humidity=*_Light='(-inf-10.58]'_Voltage='(2.479845-2.5879]'_Class=12","0.041154294946593666","_Rcdminutes='(873.5-1154.5]'_Humidity=*_Light='(699.2-inf)'_Voltage='(2.645535-inf)'_Class=12","_Rcdminutes_Humidity_Light_Voltage","12"
"0.29788999833639723","0.001145730762832297","0.0029033352947722703","0.0","_Rcdminutes='(1154.5-inf)'_Temperature='(30.5773-inf)'_Humidity='(-inf-29.31155]'_Light='(-inf-10.58]'_Class=13","0.02321918914553384","_Rcdminutes='(-inf-288.5]'_Temperature='(-inf-19.9737]'_Humidity='(41.05725-44.29965]'_Light='(106.72-242.88]'_Class=13","_Rcdminutes_Temperature_Humidity_Light","13"
"0.3809160360205921","0.0016854691859318235","0.0038639559533613895","0.0","_Rcdminutes='(-inf-288.5]'_Temperature='(-inf-19.9737]'_Light=*_Voltage='(2.5879-2.645535]'_Class=13","0.02932130408037728","_Rcdminutes='(288.5-576.5]'_Temperature='(-inf-19.9737]'_Light=*_Voltage='(2.645535-inf)'_Class=13","_Rcdminutes_Temperature_Light_Voltage","13"
"0.5971057038852758","0.002803313163780638","0.005524497165050428","0.0","_Rcdminutes='(1154.5-inf)'_Temperature='(30.5773-inf)'_Humidity='(-inf-29.31155]'_Voltage=*_Class=13","0.03803908900016152","_Rcdminutes='(576.5-873.5]'_Temperature='(-inf-19.9737]'_Humidity='(41.05725-44.29965]'_Voltage=*_Class=13","_Rcdminutes_Temperature_Humidity_Voltage","13"
"0.5545227792408041","0.0022541576391902603","0.005228579296555234","0.0","_Temperature='(30.5773-inf)'_Humidity='(-inf-29.31155]'_Light='(699.2-inf)'_Voltage='(-inf-2.32455]'_Class=13","0.043975125181715397","_Temperature='(-inf-19.9737]'_Humidity='(44.29965-inf)'_Light='(242.88-699.2]'_Voltage='(2.645535-inf)'_Class=13","_Temperature_Humidity_Light_Voltage","13"
"0.7033584709675055","0.002567001718859509","0.004533928440853992","0.0","_Rcdminutes='(-inf-288.5]'_Humidity=*_Light='(-inf-10.58]'_Voltage='(2.479845-2.5879]'_Class=13","0.03048322055908687","_Rcdminutes='(873.5-1154.5]'_Humidity=*_Light='(10.58-106.72]'_Voltage='(2.479845-2.5879]'_Class=13","_Rcdminutes_Humidity_Light_Voltage","13"
"0.3109006964551217","0.0014947148868034697","0.003147004090213539","0.0","_Rcdminutes='(576.5-873.5]'_Temperature='(19.9737-21.7181]'_Humidity='(44.29965-inf)'_Light='(242.88-699.2]'_Class=14","0.02214570780186243","_Rcdminutes='(-inf-288.5]'_Temperature='(-inf-19.9737]'_Humidity='(41.05725-44.29965]'_Light='(10.58-106.72]'_Class=14","_Rcdminutes_Temperature_Humidity_Light","14"
"0.5330307180820854","0.0030458898176119165","0.005209991964736871","0.0","_Rcdminutes='(-inf-288.5]'_Temperature='(-inf-19.9737]'_Light=*_Voltage='(2.645535-inf)'_Class=14","0.028225806451612902","_Rcdminutes='(288.5-576.5]'_Temperature='(-inf-19.9737]'_Light=*_Voltage='(2.645535-inf)'_Class=14","_Rcdminutes_Temperature_Light_Voltage","14"
"0.5215160125987949","0.00267444109025023","0.0051568092086716555","0.0","_Rcdminutes='(576.5-873.5]'_Temperature='(30.5773-inf)'_Humidity='(-inf-29.31155]'_Voltage=*_Class=14","0.0335707019328586","_Rcdminutes='(288.5-576.5]'_Temperature='(19.9737-21.7181]'_Humidity='(29.31155-36.8011]'_Voltage=*_Class=14","_Rcdminutes_Temperature_Humidity_Voltage","14"
"0.5664105421598223","0.002889849704897053","0.005936343275435532","0.0","_Temperature='(30.5773-inf)'_Humidity='(-inf-29.31155]'_Light='(242.88-699.2]'_Voltage='(-inf-2.32455]'_Class=14","0.05231238751075984","_Temperature='(19.9737-21.7181]'_Humidity='(36.8011-41.05725]'_Light='(242.88-699.2]'_Voltage='(2.645535-inf)'_Class=14","_Temperature_Humidity_Light_Voltage","14"
"0.6668738322846055","0.003385146356774647","0.005074977335338811","0.0","_Rcdminutes='(576.5-873.5]'_Humidity=*_Light='(242.88-699.2]'_Voltage='(-inf-2.32455]'_Class=14","0.030440566554503484","_Rcdminutes='(576.5-873.5]'_Humidity=*_Light='(106.72-242.88]'_Voltage='(2.645535-inf)'_Class=14","_Rcdminutes_Humidity_Light_Voltage","14"
"0.08366045142296367","0.0016404010082934053","0.0059082275027068105","0.0","_Rcdminutes='(873.5-1154.5]'_Temperature='(30.5773-inf)'_Humidity='(-inf-29.31155]'_Light='(699.2-inf)'_Class=15","0.033856722276741906","_Rcdminutes='(-inf-288.5]'_Temperature='(-inf-19.9737]'_Humidity='(41.05725-44.29965]'_Light='(10.58-106.72]'_Class=15","_Rcdminutes_Temperature_Humidity_Light","15"
"0.21418056918547593","0.005491809466294254","0.014077391040707451","0.0","_Rcdminutes='(-inf-288.5]'_Temperature='(-inf-19.9737]'_Light=*_Voltage='(2.32455-2.479845]'_Class=15","0.07335623159960745","_Rcdminutes='(288.5-576.5]'_Temperature='(-inf-19.9737]'_Light=*_Voltage='(2.32455-2.479845]'_Class=15","_Rcdminutes_Temperature_Light_Voltage","15"
"0.32065750736015697","0.009716894162429","0.014098823676736632","0.0","_Rcdminutes='(-inf-288.5]'_Temperature='(-inf-19.9737]'_Humidity='(41.05725-44.29965]'_Voltage=*_Class=15","0.049558390578999016","_Rcdminutes='(576.5-873.5]'_Temperature='(21.7181-23.4527]'_Humidity='(29.31155-36.8011]'_Voltage=*_Class=15","_Rcdminutes_Temperature_Humidity_Voltage","15"
"0.18547595682041215","0.005152109911678115","0.017433397248550236","0.0","_Temperature=*_Humidity='(41.05725-44.29965]'_Light='(-inf-10.58]'_Voltage='(2.32455-2.479845]'_Class=15","0.09543670264965652","_Temperature=*_Humidity='(41.05725-44.29965]'_Light='(106.72-242.88]'_Voltage='(2.32455-2.479845]'_Class=15","_Temperature_Humidity_Light_Voltage","15"
"0.3064278704612365","0.007126229545610151","0.012008941108949614","0.0","_Rcdminutes='(-inf-288.5]'_Humidity=*_Light='(-inf-10.58]'_Voltage='(2.32455-2.479845]'_Class=15","0.04685966633954858","_Rcdminutes='(576.5-873.5]'_Humidity=*_Light='(699.2-inf)'_Voltage='(2.479845-2.5879]'_Class=15","_Rcdminutes_Humidity_Light_Voltage","15"
"0.22121412754290876","0.0013326152261621009","0.003547913655816911","0.0","_Rcdminutes='(-inf-288.5]'_Temperature='(-inf-19.9737]'_Humidity='(44.29965-inf)'_Light='(-inf-10.58]'_Class=16","0.02107951513303347","_Rcdminutes='(-inf-288.5]'_Temperature='(-inf-19.9737]'_Humidity='(41.05725-44.29965]'_Light='(10.58-106.72]'_Class=16","_Rcdminutes_Temperature_Humidity_Light","16"
"0.3739147696270127","0.0023224519852609485","0.005001365933292476","0.0","_Rcdminutes='(-inf-288.5]'_Temperature='(-inf-19.9737]'_Light=*_Voltage='(2.479845-2.5879]'_Class=16","0.03372566772295156","_Rcdminutes='(288.5-576.5]'_Temperature='(-inf-19.9737]'_Light=*_Voltage='(2.479845-2.5879]'_Class=16","_Rcdminutes_Temperature_Light_Voltage","16"
"0.5924179492360117","0.003385245424205781","0.00805769799004855","0.0","_Rcdminutes='(873.5-1154.5]'_Temperature='(30.5773-inf)'_Humidity='(-inf-29.31155]'_Voltage=*_Class=16","0.06422962567660288","_Rcdminutes='(288.5-576.5]'_Temperature='(19.9737-21.7181]'_Humidity='(29.31155-36.8011]'_Voltage=*_Class=16","_Rcdminutes_Temperature_Humidity_Voltage","16"
"0.5042254616922355","0.0028487314219900308","0.008307992977716457","0.0","_Temperature=*_Humidity='(-inf-29.31155]'_Light='(699.2-inf)'_Voltage='(-inf-2.32455]'_Class=16","0.07921018525577495","_Temperature=*_Humidity='(44.29965-inf)'_Light='(699.2-inf)'_Voltage='(2.479845-2.5879]'_Class=16","_Temperature_Humidity_Light_Voltage","16"
"0.7668032681164834","0.004381732960665619","0.007759004964988102","0.0","_Rcdminutes='(1154.5-inf)'_Humidity=*_Light='(10.58-106.72]'_Voltage='(-inf-2.32455]'_Class=16","0.043264465960204314","_Rcdminutes='(873.5-1154.5]'_Humidity=*_Light='(699.2-inf)'_Voltage='(2.645535-inf)'_Class=16","_Rcdminutes_Humidity_Light_Voltage","16"
"0.2327421916682291","0.0012185455061163827","0.0028880142395476035","0.0","_Rcdminutes='(-inf-288.5]'_Temperature='(30.5773-inf)'_Humidity='(-inf-29.31155]'_Light='(106.72-242.88]'_Class=17","0.01738048236202901","_Rcdminutes='(-inf-288.5]'_Temperature='(-inf-19.9737]'_Humidity='(36.8011-41.05725]'_Light='(10.58-106.72]'_Class=17","_Rcdminutes_Temperature_Humidity_Light","17"
"0.43446222648349664","0.002915853869016756","0.006268261724821012","0.0","_Rcdminutes='(-inf-288.5]'_Temperature='(-inf-19.9737]'_Light=*_Voltage='(2.479845-2.5879]'_Class=17","0.04575650759219089","_Rcdminutes='(288.5-576.5]'_Temperature='(-inf-19.9737]'_Light=*_Voltage='(2.479845-2.5879]'_Class=17","_Rcdminutes_Temperature_Light_Voltage","17"
"0.5548349211022946","0.0037743872183829564","0.008181889792143519","0.0","_Rcdminutes='(873.5-1154.5]'_Temperature='(30.5773-inf)'_Humidity='(-inf-29.31155]'_Voltage=*_Class=17","0.05115440734700884","_Rcdminutes='(576.5-873.5]'_Temperature='(21.7181-23.4527]'_Humidity='(29.31155-36.8011]'_Voltage=*_Class=17","_Rcdminutes_Temperature_Humidity_Voltage","17"
"0.5766973711304791","0.0035819712492576343","0.010071109206410047","0.0","_Temperature=*_Humidity='(-inf-29.31155]'_Light='(699.2-inf)'_Voltage='(-inf-2.32455]'_Class=17","0.0956141103767917","_Temperature=*_Humidity='(41.05725-44.29965]'_Light='(699.2-inf)'_Voltage='(2.479845-2.5879]'_Class=17","_Temperature_Humidity_Light_Voltage","17"
"0.6361388248322059","0.0036559702576563556","0.006950990470709753","0.0","_Rcdminutes='(576.5-873.5]'_Humidity=*_Light='(699.2-inf)'_Voltage='(-inf-2.32455]'_Class=17","0.04780705518839585","_Rcdminutes='(873.5-1154.5]'_Humidity=*_Light='(699.2-inf)'_Voltage='(2.5879-2.645535]'_Class=17","_Rcdminutes_Humidity_Light_Voltage","17"
"0.30082346654081926","0.0018013381229989177","0.005827193667003531","0.0","_Rcdminutes='(-inf-288.5]'_Temperature='(-inf-19.9737]'_Humidity='(-inf-29.31155]'_Light='(-inf-10.58]'_Class=18","0.04892466356433153","_Rcdminutes='(-inf-288.5]'_Temperature='(-inf-19.9737]'_Humidity='(36.8011-41.05725]'_Light='(10.58-106.72]'_Class=18","_Rcdminutes_Temperature_Humidity_Light","18"
"0.5798735507080389","0.005177442417036062","0.008439768867198084","0.0","_Rcdminutes='(-inf-288.5]'_Temperature='(-inf-19.9737]'_Light=*_Voltage='(-inf-2.32455]'_Class=18","0.04892466356433153","_Rcdminutes='(288.5-576.5]'_Temperature='(-inf-19.9737]'_Light=*_Voltage='(2.479845-2.5879]'_Class=18","_Rcdminutes_Temperature_Light_Voltage","18"
"0.5686442189949428","0.004860206999956776","0.01147457126933972","0.0","_Rcdminutes='(873.5-1154.5]'_Temperature='(30.5773-inf)'_Humidity='(-inf-29.31155]'_Voltage=*_Class=18","0.0639542195950195","_Rcdminutes='(576.5-873.5]'_Temperature='(19.9737-21.7181]'_Humidity='(29.31155-36.8011]'_Voltage=*_Class=18","_Rcdminutes_Temperature_Humidity_Voltage","18"
"0.5438498065188957","0.00477061233788505","0.014115070388287939","0.0","_Temperature=*_Humidity='(-inf-29.31155]'_Light='(242.88-699.2]'_Voltage='(-inf-2.32455]'_Class=18","0.10690479185008175","_Temperature=*_Humidity='(36.8011-41.05725]'_Light='(242.88-699.2]'_Voltage='(2.479845-2.5879]'_Class=18","_Temperature_Humidity_Light_Voltage","18"
"0.6889961393410633","0.005838950333398841","0.011437967783495033","0.0","_Rcdminutes='(-inf-288.5]'_Humidity=*_Light='(-inf-10.58]'_Voltage='(-inf-2.32455]'_Class=18","0.06080996101119356","_Rcdminutes='(576.5-873.5]'_Humidity=*_Light='(242.88-699.2]'_Voltage='(2.479845-2.5879]'_Class=18","_Rcdminutes_Humidity_Light_Voltage","18"
"0.21715113424334684","0.00113691693321124","0.0030383872174830277","0.0","_Rcdminutes='(576.5-873.5]'_Temperature='(23.4527-30.5773]'_Humidity='(29.31155-36.8011]'_Light='(242.88-699.2]'_Class=19","0.024550721791220663","_Rcdminutes='(-inf-288.5]'_Temperature='(-inf-19.9737]'_Humidity='(36.8011-41.05725]'_Light='(10.58-106.72]'_Class=19","_Rcdminutes_Temperature_Humidity_Light","19"
"0.4596233381422344","0.0024979529246860564","0.005447053096858799","0.0","_Rcdminutes='(576.5-873.5]'_Temperature='(23.4527-30.5773]'_Light=*_Voltage='(2.645535-inf)'_Class=19","0.04604746188904605","_Rcdminutes='(288.5-576.5]'_Temperature='(-inf-19.9737]'_Light=*_Voltage='(2.645535-inf)'_Class=19","_Rcdminutes_Temperature_Light_Voltage","19"
"0.5320965415612096","0.0028607340944151053","0.006529999031362354","0.0","_Rcdminutes='(576.5-873.5]'_Temperature='(30.5773-inf)'_Humidity='(-inf-29.31155]'_Voltage=*_Class=19","0.049420602965727194","_Rcdminutes='(288.5-576.5]'_Temperature='(19.9737-21.7181]'_Humidity='(29.31155-36.8011]'_Voltage=*_Class=19","_Rcdminutes_Temperature_Humidity_Voltage","19"
"0.5346893557777938","0.002686881184813034","0.007716532855743155","0.0","_Temperature=*_Humidity='(-inf-29.31155]'_Light='(242.88-699.2]'_Voltage='(-inf-2.32455]'_Class=19","0.07598448394382795","_Temperature=*_Humidity='(29.31155-36.8011]'_Light='(242.88-699.2]'_Voltage='(2.645535-inf)'_Class=19","_Temperature_Humidity_Light_Voltage","19"
"0.6540688230567887","0.0029595874346461026","0.005700662423242065","0.0","_Rcdminutes='(576.5-873.5]'_Humidity=*_Light='(242.88-699.2]'_Voltage='(-inf-2.32455]'_Class=19","0.040876951782382404","_Rcdminutes='(873.5-1154.5]'_Humidity=*_Light='(242.88-699.2]'_Voltage='(2.645535-inf)'_Class=19","_Rcdminutes_Humidity_Light_Voltage","19"
"0.2181422586394463","0.0012609379112106722","0.005685234628673458","0.0","_Rcdminutes='(-inf-288.5]'_Temperature='(19.9737-21.7181]'_Humidity='(41.05725-44.29965]'_Light='(10.58-106.72]'_Class=20","0.03333333333333333","_Rcdminutes='(-inf-288.5]'_Temperature='(19.9737-21.7181]'_Humidity='(29.31155-36.8011]'_Light='(106.72-242.88]'_Class=20","_Rcdminutes_Temperature_Humidity_Light","20"
"0.6036340068976693","0.004250943710546967","0.00886709955529666","0.0","_Rcdminutes='(576.5-873.5]'_Temperature='(23.4527-30.5773]'_Light=*_Voltage='(2.645535-inf)'_Class=20","0.06112422748420249","_Rcdminutes='(288.5-576.5]'_Temperature='(-inf-19.9737]'_Light=*_Voltage='(2.645535-inf)'_Class=20","_Rcdminutes_Temperature_Light_Voltage","20"
"0.5771636228965581","0.00454459545587841","0.009829863973029289","0.0","_Rcdminutes='(873.5-1154.5]'_Temperature='(30.5773-inf)'_Humidity='(-inf-29.31155]'_Voltage=*_Class=20","0.06666666666666667","_Rcdminutes='(576.5-873.5]'_Temperature='(-inf-19.9737]'_Humidity='(36.8011-41.05725]'_Voltage=*_Class=20","_Rcdminutes_Temperature_Humidity_Voltage","20"
"0.48442585005670913","0.0031052939106199304","0.00879571746400764","0.0","_Temperature=*_Humidity='(-inf-29.31155]'_Light='(699.2-inf)'_Voltage='(-inf-2.32455]'_Class=20","0.08333333333333333","_Temperature=*_Humidity='(29.31155-36.8011]'_Light='(699.2-inf)'_Voltage='(2.645535-inf)'_Class=20","_Temperature_Humidity_Light_Voltage","20"
"0.6934773048167955","0.00428072410380738","0.0074633133265501975","0.0","_Rcdminutes='(576.5-873.5]'_Humidity=*_Light='(699.2-inf)'_Voltage='(2.645535-inf)'_Class=20","0.04103881674883689","_Rcdminutes='(873.5-1154.5]'_Humidity=*_Light='(699.2-inf)'_Voltage='(2.645535-inf)'_Class=20","_Rcdminutes_Humidity_Light_Voltage","20"
"0.2922059503479257","0.0014048362997496427","0.0040729036115482176","0.0","_Rcdminutes='(576.5-873.5]'_Temperature='(23.4527-30.5773]'_Humidity='(29.31155-36.8011]'_Light='(242.88-699.2]'_Class=21","0.04007330060161814","_Rcdminutes='(-inf-288.5]'_Temperature='(-inf-19.9737]'_Humidity='(36.8011-41.05725]'_Light='(106.72-242.88]'_Class=21","_Rcdminutes_Temperature_Humidity_Light","21"
"0.4626535004267529","0.0023484949260241263","0.004803450866713193","0.0","_Rcdminutes='(576.5-873.5]'_Temperature='(23.4527-30.5773]'_Light=*_Voltage='(2.645535-inf)'_Class=21","0.03660596641778439","_Rcdminutes='(288.5-576.5]'_Temperature='(-inf-19.9737]'_Light=*_Voltage='(2.645535-inf)'_Class=21","_Rcdminutes_Temperature_Light_Voltage","21"
"0.45744738795744483","0.002287236939787224","0.004055489278524576","0.0","_Rcdminutes='(873.5-1154.5]'_Temperature='(23.4527-30.5773]'_Humidity='(29.31155-36.8011]'_Voltage=*_Class=21","0.020845298827663096","_Rcdminutes='(288.5-576.5]'_Temperature='(19.9737-21.7181]'_Humidity='(29.31155-36.8011]'_Voltage=*_Class=21","_Rcdminutes_Temperature_Humidity_Voltage","21"
"0.539354265297974","0.00264389345734301","0.005124587488295626","0.0","_Temperature=*_Humidity='(-inf-29.31155]'_Light='(106.72-242.88]'_Voltage='(-inf-2.32455]'_Class=21","0.0430641034506604","_Temperature=*_Humidity='(29.31155-36.8011]'_Light='(242.88-699.2]'_Voltage='(2.645535-inf)'_Class=21","_Temperature_Humidity_Light_Voltage","21"
"0.5705208470825763","0.002397146416313346","0.004050640949348555","0.0","_Rcdminutes='(576.5-873.5]'_Humidity=*_Light='(242.88-699.2]'_Voltage='(2.645535-inf)'_Class=21","0.02398729686813744","_Rcdminutes='(873.5-1154.5]'_Humidity=*_Light='(242.88-699.2]'_Voltage='(2.645535-inf)'_Class=21","_Rcdminutes_Humidity_Light_Voltage","21"
"0.3468834010789534","0.0014513949835939471","0.0030468874178115695","0.0","_Rcdminutes='(-inf-288.5]'_Temperature='(-inf-19.9737]'_Humidity='(44.29965-inf)'_Light='(-inf-10.58]'_Class=22","0.01804177728098365","_Rcdminutes='(288.5-576.5]'_Temperature='(-inf-19.9737]'_Humidity='(29.31155-36.8011]'_Light='(699.2-inf)'_Class=22","_Rcdminutes_Temperature_Humidity_Light","22"
"0.5390407441009061","0.0023234514831935605","0.004589595222585562","0.0","_Rcdminutes='(576.5-873.5]'_Temperature='(23.4527-30.5773]'_Light=*_Voltage='(2.645535-inf)'_Class=22","0.029204718417047183","_Rcdminutes='(288.5-576.5]'_Temperature='(-inf-19.9737]'_Light=*_Voltage='(2.645535-inf)'_Class=22","_Rcdminutes_Temperature_Light_Voltage","22"
"0.5019279593401512","0.002260936753784465","0.003862972272437416","0.0","_Rcdminutes='(873.5-1154.5]'_Temperature='(23.4527-30.5773]'_Humidity='(29.31155-36.8011]'_Voltage=*_Class=22","0.027698503297818367","_Rcdminutes='(288.5-576.5]'_Temperature='(19.9737-21.7181]'_Humidity='(29.31155-36.8011]'_Voltage=*_Class=22","_Rcdminutes_Temperature_Humidity_Voltage","22"
"0.4719248958472677","0.0018876995833890708","0.0037058396039748504","0.0","_Temperature=*_Humidity='(44.29965-inf)'_Light='(-inf-10.58]'_Voltage='(-inf-2.32455]'_Class=22","0.025202598854268548","_Temperature=*_Humidity='(36.8011-41.05725]'_Light='(699.2-inf)'_Voltage='(2.645535-inf)'_Class=22","_Temperature_Humidity_Light_Voltage","22"
"0.5528575560167632","0.0021263752154490894","0.00388857372327178","0.0","_Rcdminutes='(-inf-288.5]'_Humidity=*_Light='(-inf-10.58]'_Voltage='(-inf-2.32455]'_Class=22","0.03330655302501048","_Rcdminutes='(288.5-576.5]'_Humidity=*_Light='(699.2-inf)'_Voltage='(2.645535-inf)'_Class=22","_Rcdminutes_Humidity_Light_Voltage","22"
"0.2807277400544934","0.0013179706105844761","0.003083385421030024","0.0","_Rcdminutes='(576.5-873.5]'_Temperature='(23.4527-30.5773]'_Humidity='(29.31155-36.8011]'_Light='(242.88-699.2]'_Class=23","0.02480638211145403","_Rcdminutes='(-inf-288.5]'_Temperature='(19.9737-21.7181]'_Humidity='(29.31155-36.8011]'_Light='(106.72-242.88]'_Class=23","_Rcdminutes_Temperature_Humidity_Light","23"
"0.4798330427558117","0.0024481277691623046","0.00582647608270798","0.0","_Rcdminutes='(576.5-873.5]'_Temperature='(23.4527-30.5773]'_Light=*_Voltage='(2.645535-inf)'_Class=23","0.05478744253999929","_Rcdminutes='(288.5-576.5]'_Temperature='(-inf-19.9737]'_Light=*_Voltage='(2.645535-inf)'_Class=23","_Rcdminutes_Temperature_Light_Voltage","23"
"0.47193997401247817","0.0022053269813667206","0.004941904488753847","0.0","_Rcdminutes='(1154.5-inf)'_Temperature='(30.5773-inf)'_Humidity='(-inf-29.31155]'_Voltage=*_Class=23","0.03774820939847435","_Rcdminutes='(288.5-576.5]'_Temperature='(19.9737-21.7181]'_Humidity='(29.31155-36.8011]'_Voltage=*_Class=23","_Rcdminutes_Temperature_Humidity_Voltage","23"
"0.5196094903170997","0.0025980474515854986","0.006890510134367658","0.0","_Temperature=*_Humidity='(-inf-29.31155]'_Light='(242.88-699.2]'_Voltage='(-inf-2.32455]'_Class=23","0.07497234030163628","_Temperature=*_Humidity='(29.31155-36.8011]'_Light='(242.88-699.2]'_Voltage='(2.645535-inf)'_Class=23","_Temperature_Humidity_Light_Voltage","23"
"0.5713240812982328","0.0025969276422646943","0.004905620724712012","0.0","_Rcdminutes='(576.5-873.5]'_Humidity=*_Light='(242.88-699.2]'_Voltage='(2.645535-inf)'_Class=23","0.0330862701778142","_Rcdminutes='(576.5-873.5]'_Humidity=*_Light='(242.88-699.2]'_Voltage='(2.645535-inf)'_Class=23","_Rcdminutes_Humidity_Light_Voltage","23"
"0.24831983053457238","0.001108570672029341","0.0025268063404689134","0.0","_Rcdminutes='(576.5-873.5]'_Temperature='(30.5773-inf)'_Humidity='(-inf-29.31155]'_Light='(699.2-inf)'_Class=24","0.025494309497781604","_Rcdminutes='(-inf-288.5]'_Temperature='(-inf-19.9737]'_Humidity='(36.8011-41.05725]'_Light='(106.72-242.88]'_Class=24","_Rcdminutes_Temperature_Humidity_Light","24"
"0.5134423719726633","0.0025544396615555386","0.005567616745281697","0.0","_Rcdminutes='(576.5-873.5]'_Temperature='(23.4527-30.5773]'_Light=*_Voltage='(2.645535-inf)'_Class=24","0.04783228170160798","_Rcdminutes='(288.5-576.5]'_Temperature='(-inf-19.9737]'_Light=*_Voltage='(2.645535-inf)'_Class=24","_Rcdminutes_Temperature_Light_Voltage","24"
"0.5096159067676929","0.00249811719003771","0.0052090687108065714","0.0","_Rcdminutes='(873.5-1154.5]'_Temperature='(30.5773-inf)'_Humidity='(-inf-29.31155]'_Voltage=*_Class=24","0.03231463689877086","_Rcdminutes='(288.5-576.5]'_Temperature='(19.9737-21.7181]'_Humidity='(29.31155-36.8011]'_Voltage=*_Class=24","_Rcdminutes_Temperature_Humidity_Voltage","24"
"0.5019548078742317","0.00226105769312717","0.00553470071687017","0.0","_Temperature=*_Humidity='(-inf-29.31155]'_Light='(106.72-242.88]'_Voltage='(-inf-2.32455]'_Class=24","0.04614633848781529","_Temperature=*_Humidity='(29.31155-36.8011]'_Light='(699.2-inf)'_Voltage='(2.645535-inf)'_Class=24","_Temperature_Humidity_Light_Voltage","24"
"0.5834719116748914","0.0024210452766593006","0.004616255799845607","0.0","_Rcdminutes='(576.5-873.5]'_Humidity=*_Light='(699.2-inf)'_Voltage='(2.645535-inf)'_Class=24","0.027294931813555873","_Rcdminutes='(288.5-576.5]'_Humidity=*_Light='(699.2-inf)'_Voltage='(2.645535-inf)'_Class=24","_Rcdminutes_Humidity_Light_Voltage","24"
"0.32015651888949836","0.001429270173613832","0.004044634720159772","0.0","_Rcdminutes='(576.5-873.5]'_Temperature='(30.5773-inf)'_Humidity='(-inf-29.31155]'_Light='(699.2-inf)'_Class=25","0.04817302965754547","_Rcdminutes='(288.5-576.5]'_Temperature='(-inf-19.9737]'_Humidity='(36.8011-41.05725]'_Light='(699.2-inf)'_Class=25","_Rcdminutes_Temperature_Humidity_Light","25"
"0.503672667041868","0.0023426635676365953","0.005506347841771994","0.0","_Rcdminutes='(576.5-873.5]'_Temperature='(30.5773-inf)'_Light=*_Voltage='(2.645535-inf)'_Class=25","0.04813206619695232","_Rcdminutes='(288.5-576.5]'_Temperature='(-inf-19.9737]'_Light=*_Voltage='(2.645535-inf)'_Class=25","_Rcdminutes_Temperature_Light_Voltage","25"
"0.5038366989862433","0.0023434265069127596","0.004511799538926035","0.0","_Rcdminutes='(873.5-1154.5]'_Temperature='(30.5773-inf)'_Humidity='(-inf-29.31155]'_Voltage=*_Class=25","0.029182608695652174","_Rcdminutes='(288.5-576.5]'_Temperature='(19.9737-21.7181]'_Humidity='(29.31155-36.8011]'_Voltage=*_Class=25","_Rcdminutes_Temperature_Humidity_Voltage","25"
"0.468713525066076","0.001867384562016239","0.0045753398706017715","0.0","_Temperature=*_Humidity='(-inf-29.31155]'_Light='(699.2-inf)'_Voltage='(-inf-2.32455]'_Class=25","0.04177391304347826","_Temperature=*_Humidity='(36.8011-41.05725]'_Light='(699.2-inf)'_Voltage='(2.645535-inf)'_Class=25","_Temperature_Humidity_Light_Voltage","25"
"0.5228380012680863","0.002050345103012103","0.0039390641348989956","0.0","_Rcdminutes='(576.5-873.5]'_Humidity=*_Light='(699.2-inf)'_Voltage='(-inf-2.32455]'_Class=25","0.022730434782608697","_Rcdminutes='(288.5-576.5]'_Humidity=*_Light='(699.2-inf)'_Voltage='(2.645535-inf)'_Class=25","_Rcdminutes_Humidity_Light_Voltage","25"
"0.2312687426650962","9.968480287288629E-4","0.002144502833974479","0.0","_Rcdminutes='(576.5-873.5]'_Temperature='(23.4527-30.5773]'_Humidity='(36.8011-41.05725]'_Light='(699.2-inf)'_Class=26","0.01615244033541174","_Rcdminutes='(-inf-288.5]'_Temperature='(-inf-19.9737]'_Humidity='(36.8011-41.05725]'_Light='(106.72-242.88]'_Class=26","_Rcdminutes_Temperature_Humidity_Light","26"
"0.4939071241799163","0.0021567996689079313","0.005201768744845822","0.0","_Rcdminutes='(576.5-873.5]'_Temperature='(23.4527-30.5773]'_Light=*_Voltage='(2.645535-inf)'_Class=26","0.05303435507097305","_Rcdminutes='(288.5-576.5]'_Temperature='(-inf-19.9737]'_Light=*_Voltage='(2.645535-inf)'_Class=26","_Rcdminutes_Temperature_Light_Voltage","26"
"0.5551229960478158","0.0023622255150970886","0.00570768010926584","0.0","_Rcdminutes='(576.5-873.5]'_Temperature='(30.5773-inf)'_Humidity='(-inf-29.31155]'_Voltage=*_Class=26","0.04236992044721565","_Rcdminutes='(288.5-576.5]'_Temperature='(19.9737-21.7181]'_Humidity='(29.31155-36.8011]'_Voltage=*_Class=26","_Rcdminutes_Temperature_Humidity_Voltage","26"
"0.5302183074993307","0.002129390793170003","0.005751439606659199","0.0","_Temperature=*_Humidity='(-inf-29.31155]'_Light='(699.2-inf)'_Voltage='(-inf-2.32455]'_Class=26","0.05149430230058052","_Temperature=*_Humidity='(36.8011-41.05725]'_Light='(699.2-inf)'_Voltage='(2.645535-inf)'_Class=26","_Temperature_Humidity_Light_Voltage","26"
"0.6739072212672474","0.0026531780364852263","0.0050487630627437914","0.0","_Rcdminutes='(576.5-873.5]'_Humidity=*_Light='(699.2-inf)'_Voltage='(-inf-2.32455]'_Class=26","0.03461621156740486","_Rcdminutes='(288.5-576.5]'_Humidity=*_Light='(699.2-inf)'_Voltage='(2.645535-inf)'_Class=26","_Rcdminutes_Humidity_Light_Voltage","26"
"0.2601129837774684","0.0013137019382700424","0.002668966193678334","0.0","_Rcdminutes='(576.5-873.5]'_Temperature='(30.5773-inf)'_Humidity='(-inf-29.31155]'_Light='(106.72-242.88]'_Class=27","0.014559174624829469","_Rcdminutes='(288.5-576.5]'_Temperature='(-inf-19.9737]'_Humidity='(29.31155-36.8011]'_Light='(106.72-242.88]'_Class=27","_Rcdminutes_Temperature_Humidity_Light","27"
"0.4973626316181145","0.0027785621878106954","0.005301790700323194","0.0","_Rcdminutes='(576.5-873.5]'_Temperature='(23.4527-30.5773]'_Light=*_Voltage='(2.645535-inf)'_Class=27","0.03563615835156305","_Rcdminutes='(288.5-576.5]'_Temperature='(-inf-19.9737]'_Light=*_Voltage='(2.645535-inf)'_Class=27","_Rcdminutes_Temperature_Light_Voltage","27"
"0.516067812047797","0.002378192682247912","0.004575371757832636","0.0","_Rcdminutes='(873.5-1154.5]'_Temperature='(23.4527-30.5773]'_Humidity='(29.31155-36.8011]'_Voltage=*_Class=27","0.030096676310775526","_Rcdminutes='(288.5-576.5]'_Temperature='(19.9737-21.7181]'_Humidity='(29.31155-36.8011]'_Voltage=*_Class=27","_Rcdminutes_Temperature_Humidity_Voltage","27"
"0.5253534006482696","0.0027505413646506265","0.004934532389088974","0.0","_Temperature=*_Humidity='(-inf-29.31155]'_Light='(106.72-242.88]'_Voltage='(-inf-2.32455]'_Class=27","0.03122868349249659","_Temperature=*_Humidity='(29.31155-36.8011]'_Light='(242.88-699.2]'_Voltage='(2.645535-inf)'_Class=27","_Temperature_Humidity_Light_Voltage","27"
"0.5825671986089221","0.002648032720949646","0.004622949033392645","0.0","_Rcdminutes='(1154.5-inf)'_Humidity=*_Light='(10.58-106.72]'_Voltage='(-inf-2.32455]'_Class=27","0.02355474079126876","_Rcdminutes='(576.5-873.5]'_Humidity=*_Light='(242.88-699.2]'_Voltage='(2.645535-inf)'_Class=27","_Rcdminutes_Humidity_Light_Voltage","27"
"Infinity","Infinity","Infinity","Infinity","Does not exist","Infinity","Does not exist","Does not exist","28"
"Infinity","Infinity","Infinity","Infinity","Does not exist","Infinity","Does not exist","Does not exist","28"
"Infinity","Infinity","Infinity","Infinity","Does not exist","Infinity","Does not exist","Does not exist","28"
"Infinity","Infinity","Infinity","Infinity","Does not exist","Infinity","Does not exist","Does not exist","28"
"Infinity","Infinity","Infinity","Infinity","Does not exist","Infinity","Does not exist","Does not exist","28"
"0.2791522271200115","0.0011929582355556046","0.0025524590885664215","0.0","_Rcdminutes='(-inf-288.5]'_Temperature='(-inf-19.9737]'_Humidity='(44.29965-inf)'_Light='(-inf-10.58]'_Class=29","0.021404308780419712","_Rcdminutes='(-inf-288.5]'_Temperature='(-inf-19.9737]'_Humidity='(36.8011-41.05725]'_Light='(106.72-242.88]'_Class=29","_Rcdminutes_Temperature_Humidity_Light","29"
"0.5074121071172414","0.0021319836433497537","0.00438599696989002","0.0","_Rcdminutes='(873.5-1154.5]'_Temperature='(23.4527-30.5773]'_Light=*_Voltage='(2.645535-inf)'_Class=29","0.029997196523689373","_Rcdminutes='(288.5-576.5]'_Temperature='(-inf-19.9737]'_Light=*_Voltage='(2.645535-inf)'_Class=29","_Rcdminutes_Temperature_Light_Voltage","29"
"0.5506218570767487","0.0023733700736066755","0.004999582167955723","0.0","_Rcdminutes='(1154.5-inf)'_Temperature='(30.5773-inf)'_Humidity='(-inf-29.31155]'_Voltage=*_Class=29","0.03367688799962775","_Rcdminutes='(288.5-576.5]'_Temperature='(19.9737-21.7181]'_Humidity='(29.31155-36.8011]'_Voltage=*_Class=29","_Rcdminutes_Temperature_Humidity_Voltage","29"
"0.5806850335434659","0.0024094814669853356","0.006064320158651999","0.0","_Temperature=*_Humidity='(-inf-29.31155]'_Light='(242.88-699.2]'_Voltage='(-inf-2.32455]'_Class=29","0.0543948629658927","_Temperature=*_Humidity='(29.31155-36.8011]'_Light='(242.88-699.2]'_Voltage='(2.645535-inf)'_Class=29","_Temperature_Humidity_Light_Voltage","29"
"0.6494164494464972","0.0025567576749862095","0.004315840354279195","0.0","_Rcdminutes='(873.5-1154.5]'_Humidity=*_Light='(242.88-699.2]'_Voltage='(-inf-2.32455]'_Class=29","0.0239518868363501","_Rcdminutes='(576.5-873.5]'_Humidity=*_Light='(699.2-inf)'_Voltage='(2.645535-inf)'_Class=29","_Rcdminutes_Humidity_Light_Voltage","29"
"0.2263302169351482","0.0010104027541747687","0.002505651558421435","0.0","_Rcdminutes='(-inf-288.5]'_Temperature='(30.5773-inf)'_Humidity='(-inf-29.31155]'_Light='(106.72-242.88]'_Class=30","0.022544642857142857","_Rcdminutes='(-inf-288.5]'_Temperature='(-inf-19.9737]'_Humidity='(36.8011-41.05725]'_Light='(106.72-242.88]'_Class=30","_Rcdminutes_Temperature_Humidity_Light","30"
"0.5201669552761692","0.002442098381578259","0.004942323540519798","0.0","_Rcdminutes='(576.5-873.5]'_Temperature='(23.4527-30.5773]'_Light=*_Voltage='(2.645535-inf)'_Class=30","0.03696270889586222","_Rcdminutes='(288.5-576.5]'_Temperature='(-inf-19.9737]'_Light=*_Voltage='(2.645535-inf)'_Class=30","_Rcdminutes_Temperature_Light_Voltage","30"
"0.6210759448945202","0.0027726604682791083","0.006334479876057276","0.0","_Rcdminutes='(873.5-1154.5]'_Temperature='(30.5773-inf)'_Humidity='(-inf-29.31155]'_Voltage=*_Class=30","0.04937094155844156","_Rcdminutes='(288.5-576.5]'_Temperature='(19.9737-21.7181]'_Humidity='(29.31155-36.8011]'_Voltage=*_Class=30","_Rcdminutes_Temperature_Humidity_Voltage","30"
"0.5972943066429665","0.0024479274862416658","0.008133982761130632","0.0","_Temperature=*_Humidity='(-inf-29.31155]'_Light='(106.72-242.88]'_Voltage='(-inf-2.32455]'_Class=30","0.08297483766233767","_Temperature=*_Humidity='(36.8011-41.05725]'_Light='(699.2-inf)'_Voltage='(2.645535-inf)'_Class=30","_Temperature_Humidity_Light_Voltage","30"
"0.7135890827773989","0.002744573395297688","0.005247261945251282","0.0","_Rcdminutes='(1154.5-inf)'_Humidity=*_Light='(106.72-242.88]'_Voltage='(-inf-2.32455]'_Class=30","0.04243100649350649","_Rcdminutes='(288.5-576.5]'_Humidity=*_Light='(699.2-inf)'_Voltage='(2.645535-inf)'_Class=30","_Rcdminutes_Humidity_Light_Voltage","30"
"0.27876184837931933","0.0012015596912901695","0.0027247923519051966","0.0","_Rcdminutes='(1154.5-inf)'_Temperature='(19.9737-21.7181]'_Humidity='(44.29965-inf)'_Light='(106.72-242.88]'_Class=31","0.02204631689127306","_Rcdminutes='(-inf-288.5]'_Temperature='(-inf-19.9737]'_Humidity='(36.8011-41.05725]'_Light='(106.72-242.88]'_Class=31","_Rcdminutes_Temperature_Humidity_Light","31"
"0.5433618687751798","0.0024924856365833937","0.005723698613830973","0.0","_Rcdminutes='(576.5-873.5]'_Temperature='(23.4527-30.5773]'_Light=*_Voltage='(2.645535-inf)'_Class=31","0.05370532139477324","_Rcdminutes='(288.5-576.5]'_Temperature='(-inf-19.9737]'_Light=*_Voltage='(2.645535-inf)'_Class=31","_Rcdminutes_Temperature_Light_Voltage","31"
"0.5391350128173231","0.002461803711494626","0.0046679738265203875","0.0","_Rcdminutes='(873.5-1154.5]'_Temperature='(23.4527-30.5773]'_Humidity='(29.31155-36.8011]'_Voltage=*_Class=31","0.029063842178059254","_Rcdminutes='(288.5-576.5]'_Temperature='(19.9737-21.7181]'_Humidity='(29.31155-36.8011]'_Voltage=*_Class=31","_Rcdminutes_Temperature_Humidity_Voltage","31"
"0.5328542768126733","0.0021061433866113566","0.005601167879519517","0.0","_Temperature=*_Humidity='(-inf-29.31155]'_Light='(106.72-242.88]'_Voltage='(-inf-2.32455]'_Class=31","0.05903441057176501","_Temperature=*_Humidity='(36.8011-41.05725]'_Light='(699.2-inf)'_Voltage='(2.645535-inf)'_Class=31","_Temperature_Humidity_Light_Voltage","31"
"0.6377894589021166","0.002520906952182279","0.004185843088872101","0.0","_Rcdminutes='(576.5-873.5]'_Humidity=*_Light='(699.2-inf)'_Voltage='(2.645535-inf)'_Class=31","0.024532285069520272","_Rcdminutes='(576.5-873.5]'_Humidity=*_Light='(699.2-inf)'_Voltage='(2.645535-inf)'_Class=31","_Rcdminutes_Humidity_Light_Voltage","31"
"0.26234675155993836","0.0010578498046771708","0.002455268834409201","0.0","_Rcdminutes='(-inf-288.5]'_Temperature='(30.5773-inf)'_Humidity='(-inf-29.31155]'_Light='(106.72-242.88]'_Class=32","0.02232489243140298","_Rcdminutes='(-inf-288.5]'_Temperature='(-inf-19.9737]'_Humidity='(36.8011-41.05725]'_Light='(106.72-242.88]'_Class=32","_Rcdminutes_Temperature_Humidity_Light","32"
"0.525846313871004","0.0023793950853891583","0.004666837537226898","0.0","_Rcdminutes='(576.5-873.5]'_Temperature='(23.4527-30.5773]'_Light=*_Voltage='(2.645535-inf)'_Class=32","0.03280635092956982","_Rcdminutes='(288.5-576.5]'_Temperature='(-inf-19.9737]'_Light=*_Voltage='(2.645535-inf)'_Class=32","_Rcdminutes_Temperature_Light_Voltage","32"
"0.5731400077264058","0.002470431067786232","0.00513872829256033","0.0","_Rcdminutes='(576.5-873.5]'_Temperature='(30.5773-inf)'_Humidity='(-inf-29.31155]'_Voltage=*_Class=32","0.03736686181843832","_Rcdminutes='(288.5-576.5]'_Temperature='(19.9737-21.7181]'_Humidity='(29.31155-36.8011]'_Voltage=*_Class=32","_Rcdminutes_Temperature_Humidity_Voltage","32"
"0.6163869060103225","0.0025056378293102544","0.006821620577546913","0.0","_Temperature=*_Humidity='(-inf-29.31155]'_Light='(106.72-242.88]'_Voltage='(-inf-2.32455]'_Class=32","0.07607392255061014","_Temperature=*_Humidity='(36.8011-41.05725]'_Light='(699.2-inf)'_Voltage='(2.645535-inf)'_Class=32","_Temperature_Humidity_Light_Voltage","32"
"0.6842183027631976","0.002621526064226811","0.004571790783951248","0.0","_Rcdminutes='(1154.5-inf)'_Humidity=*_Light='(106.72-242.88]'_Voltage='(-inf-2.32455]'_Class=32","0.028955350215137194","_Rcdminutes='(576.5-873.5]'_Humidity=*_Light='(699.2-inf)'_Voltage='(2.645535-inf)'_Class=32","_Rcdminutes_Humidity_Light_Voltage","32"
"0.21133324754153346","8.842395294624831E-4","0.0022490076670703685","0.0","_Rcdminutes='(-inf-288.5]'_Temperature='(30.5773-inf)'_Humidity='(-inf-29.31155]'_Light='(106.72-242.88]'_Class=33","0.021773235084383172","_Rcdminutes='(-inf-288.5]'_Temperature='(-inf-19.9737]'_Humidity='(36.8011-41.05725]'_Light='(10.58-106.72]'_Class=33","_Rcdminutes_Temperature_Humidity_Light","33"
"0.5088930664017222","0.0024824052019596205","0.0051420830140119144","0.0","_Rcdminutes='(576.5-873.5]'_Temperature='(23.4527-30.5773]'_Light=*_Voltage='(2.645535-inf)'_Class=33","0.039520184857958406","_Rcdminutes='(288.5-576.5]'_Temperature='(-inf-19.9737]'_Light=*_Voltage='(2.645535-inf)'_Class=33","_Rcdminutes_Temperature_Light_Voltage","33"
"0.535648799732764","0.002719029440267838","0.00581441154191292","0.0","_Rcdminutes='(1154.5-inf)'_Temperature='(30.5773-inf)'_Humidity='(-inf-29.31155]'_Voltage=*_Class=33","0.0407891609222724","_Rcdminutes='(288.5-576.5]'_Temperature='(19.9737-21.7181]'_Humidity='(29.31155-36.8011]'_Voltage=*_Class=33","_Rcdminutes_Temperature_Humidity_Voltage","33"
"0.5588825949772896","0.0023384208994865676","0.006971733977577556","0.0","_Temperature=*_Humidity='(-inf-29.31155]'_Light='(106.72-242.88]'_Voltage='(-inf-2.32455]'_Class=33","0.08088899453292132","_Temperature=*_Humidity='(36.8011-41.05725]'_Light='(699.2-inf)'_Voltage='(2.645535-inf)'_Class=33","_Temperature_Humidity_Light_Voltage","33"
"0.6816893234668238","0.002737708126372786","0.00519933455747782","0.0","_Rcdminutes='(1154.5-inf)'_Humidity=*_Light='(106.72-242.88]'_Voltage='(-inf-2.32455]'_Class=33","0.032065604944140715","_Rcdminutes='(873.5-1154.5]'_Humidity=*_Light='(242.88-699.2]'_Voltage='(2.645535-inf)'_Class=33","_Rcdminutes_Humidity_Light_Voltage","33"
"0.22869090887953872","0.00100303030210324","0.002172280259398842","0.0","_Rcdminutes='(1154.5-inf)'_Temperature='(19.9737-21.7181]'_Humidity='(44.29965-inf)'_Light='(10.58-106.72]'_Class=34","0.017998560115190784","_Rcdminutes='(-inf-288.5]'_Temperature='(-inf-19.9737]'_Humidity='(36.8011-41.05725]'_Light='(10.58-106.72]'_Class=34","_Rcdminutes_Temperature_Humidity_Light","34"
"0.5108303913766258","0.002504070545963852","0.004736100183222251","0.0","_Rcdminutes='(576.5-873.5]'_Temperature='(23.4527-30.5773]'_Light=*_Voltage='(2.645535-inf)'_Class=34","0.03155379798978415","_Rcdminutes='(288.5-576.5]'_Temperature='(-inf-19.9737]'_Light=*_Voltage='(2.645535-inf)'_Class=34","_Rcdminutes_Temperature_Light_Voltage","34"
"0.569388179229219","0.0023626065528183364","0.004959446618879169","0.0","_Rcdminutes='(1154.5-inf)'_Temperature='(30.5773-inf)'_Humidity='(-inf-29.31155]'_Voltage=*_Class=34","0.03890961450356699","_Rcdminutes='(288.5-576.5]'_Temperature='(19.9737-21.7181]'_Humidity='(29.31155-36.8011]'_Voltage=*_Class=34","_Rcdminutes_Temperature_Humidity_Voltage","34"
"0.49770430804307964","0.0019988124821007213","0.0059373432616889165","0.0","_Temperature=*_Humidity='(-inf-29.31155]'_Light='(699.2-inf)'_Voltage='(-inf-2.32455]'_Class=34","0.06628378820603442","_Temperature=*_Humidity='(36.8011-41.05725]'_Light='(699.2-inf)'_Voltage='(2.645535-inf)'_Class=34","_Temperature_Humidity_Light_Voltage","34"
"0.7068706871220941","0.0027939552850675658","0.004985830210938051","0.0","_Rcdminutes='(576.5-873.5]'_Humidity=*_Light='(699.2-inf)'_Voltage='(-inf-2.32455]'_Class=34","0.03279010406440212","_Rcdminutes='(576.5-873.5]'_Humidity=*_Light='(699.2-inf)'_Voltage='(2.645535-inf)'_Class=34","_Rcdminutes_Humidity_Light_Voltage","34"
"0.2182495849437368","9.965734472316748E-4","0.002271818080577756","0.0","_Rcdminutes='(1154.5-inf)'_Temperature='(30.5773-inf)'_Humidity='(-inf-29.31155]'_Light='(-inf-10.58]'_Class=35","0.01806022594173877","_Rcdminutes='(-inf-288.5]'_Temperature='(-inf-19.9737]'_Humidity='(41.05725-44.29965]'_Light='(106.72-242.88]'_Class=35","_Rcdminutes_Temperature_Humidity_Light","35"
"0.4634897983140745","0.0026947081297329914","0.005044289144377149","0.0","_Rcdminutes='(1154.5-inf)'_Temperature='(19.9737-21.7181]'_Light=*_Voltage='(2.5879-2.645535]'_Class=35","0.024948735475051265","_Rcdminutes='(288.5-576.5]'_Temperature='(-inf-19.9737]'_Light=*_Voltage='(2.5879-2.645535]'_Class=35","_Rcdminutes_Temperature_Light_Voltage","35"
"0.6053904478768738","0.003057527514529666","0.00533151672389311","0.0","_Rcdminutes='(873.5-1154.5]'_Temperature='(30.5773-inf)'_Humidity='(-inf-29.31155]'_Voltage=*_Class=35","0.03721615596780897","_Rcdminutes='(288.5-576.5]'_Temperature='(19.9737-21.7181]'_Humidity='(29.31155-36.8011]'_Voltage=*_Class=35","_Rcdminutes_Temperature_Humidity_Voltage","35"
"0.6044860828609292","0.0029631670728476923","0.00653912554570074","0.0","_Temperature=*_Humidity='(-inf-29.31155]'_Light='(106.72-242.88]'_Voltage='(-inf-2.32455]'_Class=35","0.04441379831488269","_Temperature=*_Humidity='(36.8011-41.05725]'_Light='(699.2-inf)'_Voltage='(2.5879-2.645535]'_Class=35","_Temperature_Humidity_Light_Voltage","35"
"0.743360867705501","0.003539813655740481","0.005491410495478183","0.0","_Rcdminutes='(-inf-288.5]'_Humidity=*_Light='(-inf-10.58]'_Voltage='(-inf-2.32455]'_Class=35","0.032984471228322064","_Rcdminutes='(873.5-1154.5]'_Humidity=*_Light='(699.2-inf)'_Voltage='(2.645535-inf)'_Class=35","_Rcdminutes_Humidity_Light_Voltage","35"
"0.2683292756475177","0.001146706306185973","0.0026736544366371662","0.0","_Rcdminutes='(-inf-288.5]'_Temperature='(19.9737-21.7181]'_Humidity='(44.29965-inf)'_Light='(10.58-106.72]'_Class=36","0.023487248408050942","_Rcdminutes='(288.5-576.5]'_Temperature='(19.9737-21.7181]'_Humidity='(29.31155-36.8011]'_Light='(699.2-inf)'_Class=36","_Rcdminutes_Temperature_Humidity_Light","36"
"0.5199599558803127","0.00227056749292713","0.004697084097787626","0.0","_Rcdminutes='(-inf-288.5]'_Temperature='(-inf-19.9737]'_Light=*_Voltage='(2.5879-2.645535]'_Class=36","0.026905918903847685","_Rcdminutes='(288.5-576.5]'_Temperature='(-inf-19.9737]'_Light=*_Voltage='(2.645535-inf)'_Class=36","_Rcdminutes_Temperature_Light_Voltage","36"
"0.573721449405613","0.0022857428263171834","0.004474766695534543","0.0","_Rcdminutes='(1154.5-inf)'_Temperature='(30.5773-inf)'_Humidity='(-inf-29.31155]'_Voltage=*_Class=36","0.030687018015423506","_Rcdminutes='(288.5-576.5]'_Temperature='(19.9737-21.7181]'_Humidity='(29.31155-36.8011]'_Voltage=*_Class=36","_Rcdminutes_Temperature_Humidity_Voltage","36"
"0.495241929044696","0.0018618117633259247","0.005345109177520542","0.0","_Temperature=*_Humidity='(-inf-29.31155]'_Light='(699.2-inf)'_Voltage='(-inf-2.32455]'_Class=36","0.05619020191353877","_Temperature=*_Humidity='(36.8011-41.05725]'_Light='(699.2-inf)'_Voltage='(2.645535-inf)'_Class=36","_Temperature_Humidity_Light_Voltage","36"
"0.7075295935786171","0.0028301183743144683","0.004868130090729836","0.0","_Rcdminutes='(576.5-873.5]'_Humidity=*_Light='(699.2-inf)'_Voltage='(2.645535-inf)'_Class=36","0.02909663028758066","_Rcdminutes='(576.5-873.5]'_Humidity=*_Light='(699.2-inf)'_Voltage='(2.645535-inf)'_Class=36","_Rcdminutes_Humidity_Light_Voltage","36"
"0.24437680784008983","0.001048827501459613","0.002967716178071301","0.0","_Rcdminutes='(1154.5-inf)'_Temperature='(30.5773-inf)'_Humidity='(-inf-29.31155]'_Light='(242.88-699.2]'_Class=37","0.031386262573932566","_Rcdminutes='(-inf-288.5]'_Temperature='(-inf-19.9737]'_Humidity='(36.8011-41.05725]'_Light='(242.88-699.2]'_Class=37","_Rcdminutes_Temperature_Humidity_Light","37"
"0.5288727580438686","0.0026983303981830027","0.005721731920584467","0.0","_Rcdminutes='(576.5-873.5]'_Temperature='(23.4527-30.5773]'_Light=*_Voltage='(2.645535-inf)'_Class=37","0.036057692307692304","_Rcdminutes='(288.5-576.5]'_Temperature='(-inf-19.9737]'_Light=*_Voltage='(2.645535-inf)'_Class=37","_Rcdminutes_Temperature_Light_Voltage","37"
"0.5697799719301903","0.002662523233318646","0.0064437962522744755","0.0","_Rcdminutes='(1154.5-inf)'_Temperature='(30.5773-inf)'_Humidity='(-inf-29.31155]'_Voltage=*_Class=37","0.05143979622674092","_Rcdminutes='(288.5-576.5]'_Temperature='(19.9737-21.7181]'_Humidity='(29.31155-36.8011]'_Voltage=*_Class=37","_Rcdminutes_Temperature_Humidity_Voltage","37"
"0.5408974830255693","0.002447499923192621","0.00905024267711483","0.0","_Temperature=*_Humidity='(-inf-29.31155]'_Light='(242.88-699.2]'_Voltage='(-inf-2.32455]'_Class=37","0.10432586452532056","_Temperature=*_Humidity='(36.8011-41.05725]'_Light='(699.2-inf)'_Voltage='(2.645535-inf)'_Class=37","_Temperature_Humidity_Light_Voltage","37"
"0.7321217593669728","0.0029882520790488684","0.0056435702412725745","0.0","_Rcdminutes='(576.5-873.5]'_Humidity=*_Light='(699.2-inf)'_Voltage='(-inf-2.32455]'_Class=37","0.04058196261278763","_Rcdminutes='(873.5-1154.5]'_Humidity=*_Light='(699.2-inf)'_Voltage='(2.645535-inf)'_Class=37","_Rcdminutes_Humidity_Light_Voltage","37"
"0.24848304884755942","0.0010183731510145877","0.0022495521911664188","0.0","_Rcdminutes='(1154.5-inf)'_Temperature='(30.5773-inf)'_Humidity='(-inf-29.31155]'_Light='(242.88-699.2]'_Class=38","0.01727451140731049","_Rcdminutes='(-inf-288.5]'_Temperature='(-inf-19.9737]'_Humidity='(36.8011-41.05725]'_Light='(106.72-242.88]'_Class=38","_Rcdminutes_Temperature_Humidity_Light","38"
"0.5316163275131409","0.002858152298457747","0.006078533764870549","0.0","_Rcdminutes='(576.5-873.5]'_Temperature='(23.4527-30.5773]'_Light=*_Voltage='(2.645535-inf)'_Class=38","0.04174596104790056","_Rcdminutes='(-inf-288.5]'_Temperature='(-inf-19.9737]'_Light=*_Voltage='(2.479845-2.5879]'_Class=38","_Rcdminutes_Temperature_Light_Voltage","38"
"0.5518511466670875","0.0023483027517748403","0.0043491524243148","0.0","_Rcdminutes='(1154.5-inf)'_Temperature='(30.5773-inf)'_Humidity='(-inf-29.31155]'_Voltage=*_Class=38","0.02839561697604056","_Rcdminutes='(288.5-576.5]'_Temperature='(19.9737-21.7181]'_Humidity='(29.31155-36.8011]'_Voltage=*_Class=38","_Rcdminutes_Temperature_Humidity_Voltage","38"
"0.568741122617093","0.002369754677571221","0.005600629451322438","0.0","_Temperature=*_Humidity='(-inf-29.31155]'_Light='(242.88-699.2]'_Voltage='(-inf-2.32455]'_Class=38","0.04391201242947093","_Temperature=*_Humidity='(36.8011-41.05725]'_Light='(699.2-inf)'_Voltage='(2.5879-2.645535]'_Class=38","_Temperature_Humidity_Light_Voltage","38"
"0.6144237924045022","0.002309863881219933","0.004433452104418092","0.0","_Rcdminutes='(1154.5-inf)'_Humidity=*_Light='(106.72-242.88]'_Voltage='(2.5879-2.645535]'_Class=38","0.03267603352633923","_Rcdminutes='(288.5-576.5]'_Humidity=*_Light='(699.2-inf)'_Voltage='(2.645535-inf)'_Class=38","_Rcdminutes_Humidity_Light_Voltage","38"
"0.28840538984063413","0.0013733589992411149","0.0032977063840124066","0.0","_Rcdminutes='(576.5-873.5]'_Temperature='(23.4527-30.5773]'_Humidity='(29.31155-36.8011]'_Light='(242.88-699.2]'_Class=39","0.025728792287067145","_Rcdminutes='(-inf-288.5]'_Temperature='(-inf-19.9737]'_Humidity='(36.8011-41.05725]'_Light='(106.72-242.88]'_Class=39","_Rcdminutes_Temperature_Humidity_Light","39"
"0.5076466863507569","0.0026859613034431584","0.005550634933623042","0.0","_Rcdminutes='(576.5-873.5]'_Temperature='(23.4527-30.5773]'_Light=*_Voltage='(2.645535-inf)'_Class=39","0.04448609193134741","_Rcdminutes='(288.5-576.5]'_Temperature='(-inf-19.9737]'_Light=*_Voltage='(2.645535-inf)'_Class=39","_Rcdminutes_Temperature_Light_Voltage","39"
"0.5456940217356016","0.002574028404413215","0.005037286417632415","0.0","_Rcdminutes='(1154.5-inf)'_Temperature='(30.5773-inf)'_Humidity='(-inf-29.31155]'_Voltage=*_Class=39","0.03796565691140396","_Rcdminutes='(288.5-576.5]'_Temperature='(19.9737-21.7181]'_Humidity='(29.31155-36.8011]'_Voltage=*_Class=39","_Rcdminutes_Temperature_Humidity_Voltage","39"
"0.59448424565459","0.0029576330629581594","0.007552168834446142","0.0","_Temperature='(30.5773-inf)'_Humidity='(-inf-29.31155]'_Light='(106.72-242.88]'_Voltage='(-inf-2.32455]'_Class=39","0.06600490615551372","_Temperature='(19.9737-21.7181]'_Humidity='(36.8011-41.05725]'_Light='(242.88-699.2]'_Voltage='(2.645535-inf)'_Class=39","_Temperature_Humidity_Light_Voltage","39"
"0.7117629246491408","0.0032206467178694156","0.005884070015886594","0.0","_Rcdminutes='(576.5-873.5]'_Humidity=*_Light='(242.88-699.2]'_Voltage='(2.645535-inf)'_Class=39","0.04096797527454462","_Rcdminutes='(873.5-1154.5]'_Humidity=*_Light='(242.88-699.2]'_Voltage='(2.645535-inf)'_Class=39","_Rcdminutes_Humidity_Light_Voltage","39"
"0.2597903468006192","0.0010268393154174672","0.002071507862084769","0.0","_Rcdminutes='(1154.5-inf)'_Temperature='(19.9737-21.7181]'_Humidity='(41.05725-44.29965]'_Light='(106.72-242.88]'_Class=40","0.012007363400552255","_Rcdminutes='(-inf-288.5]'_Temperature='(-inf-19.9737]'_Humidity='(36.8011-41.05725]'_Light='(106.72-242.88]'_Class=40","_Rcdminutes_Temperature_Humidity_Light","40"
"0.515804753516005","0.0024216185611080046","0.005152356546127594","0.0","_Rcdminutes='(576.5-873.5]'_Temperature='(23.4527-30.5773]'_Light=*_Voltage='(2.645535-inf)'_Class=40","0.04476429420308992","_Rcdminutes='(288.5-576.5]'_Temperature='(-inf-19.9737]'_Light=*_Voltage='(2.645535-inf)'_Class=40","_Rcdminutes_Temperature_Light_Voltage","40"
"0.5127439338299861","0.002163476514050574","0.003906552487857877","0.0","_Rcdminutes='(1154.5-inf)'_Temperature='(30.5773-inf)'_Humidity='(-inf-29.31155]'_Voltage=*_Class=40","0.02575098318132374","_Rcdminutes='(288.5-576.5]'_Temperature='(19.9737-21.7181]'_Humidity='(29.31155-36.8011]'_Voltage=*_Class=40","_Rcdminutes_Temperature_Humidity_Voltage","40"
"0.5128102331700414","0.0020349612427382592","0.004853867309646584","0.0","_Temperature=*_Humidity='(-inf-29.31155]'_Light='(699.2-inf)'_Voltage='(-inf-2.32455]'_Class=40","0.038427746632081","_Temperature=*_Humidity='(36.8011-41.05725]'_Light='(699.2-inf)'_Voltage='(2.645535-inf)'_Class=40","_Temperature_Humidity_Light_Voltage","40"
"0.625676496809645","0.0023789980867286883","0.00432037527310902","0.0","_Rcdminutes='(576.5-873.5]'_Humidity=*_Light='(699.2-inf)'_Voltage='(2.645535-inf)'_Class=40","0.035036753378229674","_Rcdminutes='(576.5-873.5]'_Humidity=*_Light='(699.2-inf)'_Voltage='(2.645535-inf)'_Class=40","_Rcdminutes_Humidity_Light_Voltage","40"
"0.2877057467969035","0.0010616448221287952","0.0026269871949199633","0.0","_Rcdminutes='(-inf-288.5]'_Temperature='(-inf-19.9737]'_Humidity='(44.29965-inf)'_Light='(-inf-10.58]'_Class=41","0.017772569698745178","_Rcdminutes='(-inf-288.5]'_Temperature='(-inf-19.9737]'_Humidity='(36.8011-41.05725]'_Light='(242.88-699.2]'_Class=41","_Rcdminutes_Temperature_Humidity_Light","41"
"0.5375912689644553","0.0021503650758578213","0.004881161835603652","0.0","_Rcdminutes='(576.5-873.5]'_Temperature='(23.4527-30.5773]'_Light=*_Voltage='(2.645535-inf)'_Class=41","0.04829280275116679","_Rcdminutes='(288.5-576.5]'_Temperature='(-inf-19.9737]'_Light=*_Voltage='(2.645535-inf)'_Class=41","_Rcdminutes_Temperature_Light_Voltage","41"
"0.4736639386498266","0.001990184616175742","0.0035699180908450186","0.0","_Rcdminutes='(873.5-1154.5]'_Temperature='(23.4527-30.5773]'_Humidity='(29.31155-36.8011]'_Voltage=*_Class=41","0.027511667894866126","_Rcdminutes='(288.5-576.5]'_Temperature='(19.9737-21.7181]'_Humidity='(29.31155-36.8011]'_Voltage=*_Class=41","_Rcdminutes_Temperature_Humidity_Voltage","41"
"0.4809659343489154","0.0018013705406326418","0.003851132086839209","0.0","_Temperature=*_Humidity='(-inf-29.31155]'_Light='(242.88-699.2]'_Voltage='(-inf-2.32455]'_Class=41","0.03300620086909819","_Temperature=*_Humidity='(36.8011-41.05725]'_Light='(699.2-inf)'_Voltage='(2.645535-inf)'_Class=41","_Temperature_Humidity_Light_Voltage","41"
"0.5442998070321796","0.0018704460722755313","0.0032997445513967766","0.0","_Rcdminutes='(576.5-873.5]'_Humidity=*_Light='(699.2-inf)'_Voltage='(2.645535-inf)'_Class=41","0.030017194792434292","_Rcdminutes='(873.5-1154.5]'_Humidity=*_Light='(699.2-inf)'_Voltage='(2.645535-inf)'_Class=41","_Rcdminutes_Humidity_Light_Voltage","41"
"0.3091005981238193","0.0011322366231641733","0.0026086507462620397","0.0","_Rcdminutes='(-inf-288.5]'_Temperature='(-inf-19.9737]'_Humidity='(44.29965-inf)'_Light='(-inf-10.58]'_Class=42","0.015037092976766914","_Rcdminutes='(-inf-288.5]'_Temperature='(-inf-19.9737]'_Humidity='(36.8011-41.05725]'_Light='(242.88-699.2]'_Class=42","_Rcdminutes_Temperature_Humidity_Light","42"
"0.5302792701130348","0.002173275697184569","0.004755584742538635","0.0","_Rcdminutes='(576.5-873.5]'_Temperature='(23.4527-30.5773]'_Light=*_Voltage='(2.645535-inf)'_Class=42","0.03953197011051949","_Rcdminutes='(288.5-576.5]'_Temperature='(-inf-19.9737]'_Light=*_Voltage='(2.645535-inf)'_Class=42","_Rcdminutes_Temperature_Light_Voltage","42"
"0.4789846642685898","0.0019470921311731293","0.0035736467543532806","0.0","_Rcdminutes='(-inf-288.5]'_Temperature='(-inf-19.9737]'_Humidity='(44.29965-inf)'_Voltage=*_Class=42","0.027741733410890868","_Rcdminutes='(288.5-576.5]'_Temperature='(19.9737-21.7181]'_Humidity='(29.31155-36.8011]'_Voltage=*_Class=42","_Rcdminutes_Temperature_Humidity_Voltage","42"
"0.4824076441643748","0.0018135625720465218","0.003906247717399132","0.0","_Temperature=*_Humidity='(44.29965-inf)'_Light='(-inf-10.58]'_Voltage='(2.5879-2.645535]'_Class=42","0.03340194192133876","_Temperature=*_Humidity='(36.8011-41.05725]'_Light='(699.2-inf)'_Voltage='(2.645535-inf)'_Class=42","_Temperature_Humidity_Light_Voltage","42"
"0.5865491090400916","0.0019422155928479855","0.003500871293495646","0.0","_Rcdminutes='(576.5-873.5]'_Humidity=*_Light='(699.2-inf)'_Voltage='(2.645535-inf)'_Class=42","0.029978969976285293","_Rcdminutes='(873.5-1154.5]'_Humidity=*_Light='(699.2-inf)'_Voltage='(2.645535-inf)'_Class=42","_Rcdminutes_Humidity_Light_Voltage","42"
"0.2888810550194638","0.0011284416211697805","0.0032243671956267055","0.0","_Rcdminutes='(576.5-873.5]'_Temperature='(23.4527-30.5773]'_Humidity='(29.31155-36.8011]'_Light='(242.88-699.2]'_Class=43","0.029264214046822744","_Rcdminutes='(-inf-288.5]'_Temperature='(-inf-19.9737]'_Humidity='(29.31155-36.8011]'_Light='(242.88-699.2]'_Class=43","_Rcdminutes_Temperature_Humidity_Light","43"
"0.5084972449147431","0.002332556169333684","0.004766703455776613","0.0","_Rcdminutes='(576.5-873.5]'_Temperature='(23.4527-30.5773]'_Light=*_Voltage='(2.645535-inf)'_Class=43","0.04403176229508197","_Rcdminutes='(288.5-576.5]'_Temperature='(-inf-19.9737]'_Light=*_Voltage='(2.645535-inf)'_Class=43","_Rcdminutes_Temperature_Light_Voltage","43"
"0.47936264666374245","0.0021690617496096945","0.004524982181688914","0.0","_Rcdminutes='(1154.5-inf)'_Temperature='(30.5773-inf)'_Humidity='(-inf-29.31155]'_Voltage=*_Class=43","0.03172031772575251","_Rcdminutes='(288.5-576.5]'_Temperature='(19.9737-21.7181]'_Humidity='(29.31155-36.8011]'_Voltage=*_Class=43","_Rcdminutes_Temperature_Humidity_Voltage","43"
"0.5127442396787105","0.0021275694592477615","0.005705738574427461","0.0","_Temperature=*_Humidity='(-inf-29.31155]'_Light='(242.88-699.2]'_Voltage='(-inf-2.32455]'_Class=43","0.06905831939799331","_Temperature=*_Humidity='(36.8011-41.05725]'_Light='(699.2-inf)'_Voltage='(2.645535-inf)'_Class=43","_Temperature_Humidity_Light_Voltage","43"
"0.578276289818521","0.00211822816783341","0.0038100112286930596","0.0","_Rcdminutes='(576.5-873.5]'_Humidity=*_Light='(242.88-699.2]'_Voltage='(2.645535-inf)'_Class=43","0.026895491803278687","_Rcdminutes='(576.5-873.5]'_Humidity=*_Light='(699.2-inf)'_Voltage='(2.645535-inf)'_Class=43","_Rcdminutes_Humidity_Light_Voltage","43"
"0.37086881757196166","0.0013292789160285364","0.003365179877971919","0.0","_Rcdminutes='(873.5-1154.5]'_Temperature='(23.4527-30.5773]'_Humidity='(29.31155-36.8011]'_Light='(699.2-inf)'_Class=44","0.02562127960704325","_Rcdminutes='(288.5-576.5]'_Temperature='(-inf-19.9737]'_Humidity='(36.8011-41.05725]'_Light='(699.2-inf)'_Class=44","_Rcdminutes_Temperature_Humidity_Light","44"
"0.47585359846220865","0.00188830793040559","0.004209961983465286","0.0","_Rcdminutes='(-inf-288.5]'_Temperature='(-inf-19.9737]'_Light=*_Voltage='(2.5879-2.645535]'_Class=44","0.03740806492518387","_Rcdminutes='(288.5-576.5]'_Temperature='(-inf-19.9737]'_Light=*_Voltage='(2.645535-inf)'_Class=44","_Rcdminutes_Temperature_Light_Voltage","44"
"0.48775065743048474","0.001883207171546273","0.003864699228644803","0.0","_Rcdminutes='(-inf-288.5]'_Temperature='(-inf-19.9737]'_Humidity='(44.29965-inf)'_Voltage=*_Class=44","0.02893313044213374","_Rcdminutes='(288.5-576.5]'_Temperature='(19.9737-21.7181]'_Humidity='(29.31155-36.8011]'_Voltage=*_Class=44","_Rcdminutes_Temperature_Humidity_Voltage","44"
"0.46375881319557266","0.0015774109292366416","0.0037305144407372803","0.0","_Temperature=*_Humidity='(44.29965-inf)'_Light='(-inf-10.58]'_Voltage='(2.5879-2.645535]'_Class=44","0.04353706991292586","_Temperature=*_Humidity='(36.8011-41.05725]'_Light='(699.2-inf)'_Voltage='(2.645535-inf)'_Class=44","_Temperature_Humidity_Light_Voltage","44"
"0.6156575696452198","0.0020453739855322917","0.003722210288898086","0.0","_Rcdminutes='(576.5-873.5]'_Humidity=*_Light='(699.2-inf)'_Voltage='(2.645535-inf)'_Class=44","0.030877504438244992","_Rcdminutes='(873.5-1154.5]'_Humidity=*_Light='(699.2-inf)'_Voltage='(2.645535-inf)'_Class=44","_Rcdminutes_Humidity_Light_Voltage","44"
"0.3682405671121694","0.0015872438237593508","0.003667990191508029","0.0","_Rcdminutes='(-inf-288.5]'_Temperature='(19.9737-21.7181]'_Humidity='(41.05725-44.29965]'_Light='(-inf-10.58]'_Class=45","0.03553299492385787","_Rcdminutes='(-inf-288.5]'_Temperature='(-inf-19.9737]'_Humidity='(36.8011-41.05725]'_Light='(106.72-242.88]'_Class=45","_Rcdminutes_Temperature_Humidity_Light","45"
"0.4482168198214057","0.0018992238128025666","0.004141206726534302","0.0","_Rcdminutes='(-inf-288.5]'_Temperature='(-inf-19.9737]'_Light=*_Voltage='(2.5879-2.645535]'_Class=45","0.03414359517816929","_Rcdminutes='(288.5-576.5]'_Temperature='(-inf-19.9737]'_Light=*_Voltage='(2.645535-inf)'_Class=45","_Rcdminutes_Temperature_Light_Voltage","45"
"0.4719306351324038","0.0019421013791456946","0.003282145671709277","0.0","_Rcdminutes='(873.5-1154.5]'_Temperature='(21.7181-23.4527]'_Humidity='(29.31155-36.8011]'_Voltage=*_Class=45","0.015796794277387734","_Rcdminutes='(288.5-576.5]'_Temperature='(19.9737-21.7181]'_Humidity='(29.31155-36.8011]'_Voltage=*_Class=45","_Rcdminutes_Temperature_Humidity_Voltage","45"
"0.4272285200068016","0.0015941362686820956","0.0031973896257686614","0.0","_Temperature=*_Humidity='(44.29965-inf)'_Light='(-inf-10.58]'_Voltage='(2.5879-2.645535]'_Class=45","0.024092595045701416","_Temperature=*_Humidity='(36.8011-41.05725]'_Light='(699.2-inf)'_Voltage='(2.645535-inf)'_Class=45","_Temperature_Humidity_Light_Voltage","45"
"0.5446341857548371","0.002070852417318772","0.0036076289541958997","0.0","_Rcdminutes='(576.5-873.5]'_Humidity=*_Light='(242.88-699.2]'_Voltage='(2.645535-inf)'_Class=45","0.02558285865677573","_Rcdminutes='(873.5-1154.5]'_Humidity=*_Light='(699.2-inf)'_Voltage='(2.645535-inf)'_Class=45","_Rcdminutes_Humidity_Light_Voltage","45"
"0.3442358295616354","0.001434315956506814","0.003179142826104528","0.0","_Rcdminutes='(-inf-288.5]'_Temperature='(19.9737-21.7181]'_Humidity='(41.05725-44.29965]'_Light='(-inf-10.58]'_Class=46","0.02322596671358781","_Rcdminutes='(-inf-288.5]'_Temperature='(-inf-19.9737]'_Humidity='(36.8011-41.05725]'_Light='(106.72-242.88]'_Class=46","_Rcdminutes_Temperature_Humidity_Light","46"
"0.335208766740437","0.002108231237361239","0.00468560108793111","0.0","_Rcdminutes='(-inf-288.5]'_Temperature='(-inf-19.9737]'_Light=*_Voltage='(2.32455-2.479845]'_Class=46","0.03539224526600541","_Rcdminutes='(-inf-288.5]'_Temperature='(-inf-19.9737]'_Light=*_Voltage='(2.479845-2.5879]'_Class=46","_Rcdminutes_Temperature_Light_Voltage","46"
"0.5396363901216071","0.0028704063304340805","0.004573443611915667","0.0","_Rcdminutes='(1154.5-inf)'_Temperature='(30.5773-inf)'_Humidity='(-inf-29.31155]'_Voltage=*_Class=46","0.02055560155667798","_Rcdminutes='(576.5-873.5]'_Temperature='(-inf-19.9737]'_Humidity='(36.8011-41.05725]'_Voltage=*_Class=46","_Rcdminutes_Temperature_Humidity_Voltage","46"
"0.49753746119448583","0.0025001882472084716","0.004722602950552731","0.0","_Temperature=*_Humidity='(-inf-29.31155]'_Light='(106.72-242.88]'_Voltage='(-inf-2.32455]'_Class=46","0.032251386933841185","_Temperature=*_Humidity='(36.8011-41.05725]'_Light='(242.88-699.2]'_Voltage='(2.479845-2.5879]'_Class=46","_Temperature_Humidity_Light_Voltage","46"
"0.600814577008231","0.0032476463622066543","0.004945786285473988","0.0","_Rcdminutes='(1154.5-inf)'_Humidity=*_Light='(10.58-106.72]'_Voltage='(2.32455-2.479845]'_Class=46","0.02708607893459111","_Rcdminutes='(576.5-873.5]'_Humidity=*_Light='(242.88-699.2]'_Voltage='(2.479845-2.5879]'_Class=46","_Rcdminutes_Humidity_Light_Voltage","46"
"0.3929640415626366","0.00155938111731205","0.00368098258782901","0.0","_Rcdminutes='(576.5-873.5]'_Temperature='(19.9737-21.7181]'_Humidity='(44.29965-inf)'_Light='(699.2-inf)'_Class=47","0.024682598954443614","_Rcdminutes='(-inf-288.5]'_Temperature='(-inf-19.9737]'_Humidity='(36.8011-41.05725]'_Light='(242.88-699.2]'_Class=47","_Rcdminutes_Temperature_Humidity_Light","47"
"0.3838732328060559","0.0014995048156486558","0.0038193664322490155","0.0","_Rcdminutes='(-inf-288.5]'_Temperature='(-inf-19.9737]'_Light=*_Voltage='(2.5879-2.645535]'_Class=47","0.03798457344238314","_Rcdminutes='(288.5-576.5]'_Temperature='(-inf-19.9737]'_Light=*_Voltage='(2.645535-inf)'_Class=47","_Rcdminutes_Temperature_Light_Voltage","47"
"0.5236398470772109","0.0019180946779385015","0.0034206013738723043","0.0","_Rcdminutes='(-inf-288.5]'_Temperature='(-inf-19.9737]'_Humidity='(44.29965-inf)'_Voltage=*_Class=47","0.024453088636212515","_Rcdminutes='(576.5-873.5]'_Temperature='(19.9737-21.7181]'_Humidity='(29.31155-36.8011]'_Voltage=*_Class=47","_Rcdminutes_Temperature_Humidity_Voltage","47"
"0.44491327030676187","0.001678918001157592","0.003897822024659065","0.0","_Temperature='(-inf-19.9737]'_Humidity='(44.29965-inf)'_Light='(-inf-10.58]'_Voltage='(2.5879-2.645535]'_Class=47","0.03698716669991356","_Temperature='(-inf-19.9737]'_Humidity='(41.05725-44.29965]'_Light='(699.2-inf)'_Voltage='(2.5879-2.645535]'_Class=47","_Temperature_Humidity_Light_Voltage","47"
"0.611715118238013","0.0022004140943813416","0.003975162609233142","0.0","_Rcdminutes='(576.5-873.5]'_Humidity=*_Light='(699.2-inf)'_Voltage='(2.32455-2.479845]'_Class=47","0.028846153846153848","_Rcdminutes='(873.5-1154.5]'_Humidity=*_Light='(699.2-inf)'_Voltage='(2.645535-inf)'_Class=47","_Rcdminutes_Humidity_Light_Voltage","47"
"0.38774361053359196","0.0015028822113705115","0.003578262561140657","0.0","_Rcdminutes='(-inf-288.5]'_Temperature='(19.9737-21.7181]'_Humidity='(41.05725-44.29965]'_Light='(-inf-10.58]'_Class=48","0.031074058033780858","_Rcdminutes='(-inf-288.5]'_Temperature='(-inf-19.9737]'_Humidity='(36.8011-41.05725]'_Light='(106.72-242.88]'_Class=48","_Rcdminutes_Temperature_Humidity_Light","48"
"0.4096771384732708","0.0017507570020225249","0.0037638480707926658","0.0","_Rcdminutes='(-inf-288.5]'_Temperature='(-inf-19.9737]'_Light=*_Voltage='(2.5879-2.645535]'_Class=48","0.02532205723276625","_Rcdminutes='(288.5-576.5]'_Temperature='(-inf-19.9737]'_Light=*_Voltage='(2.645535-inf)'_Class=48","_Rcdminutes_Temperature_Light_Voltage","48"
"0.49333622470305255","0.002021869773373166","0.003320926721375402","0.0","_Rcdminutes='(873.5-1154.5]'_Temperature='(23.4527-30.5773]'_Humidity='(29.31155-36.8011]'_Voltage=*_Class=48","0.016635526272658734","_Rcdminutes='(576.5-873.5]'_Temperature='(-inf-19.9737]'_Humidity='(36.8011-41.05725]'_Voltage=*_Class=48","_Rcdminutes_Temperature_Humidity_Voltage","48"
"0.4983613158212324","0.0018188369190555926","0.0035003874922841225","0.0","_Temperature=*_Humidity='(-inf-29.31155]'_Light='(106.72-242.88]'_Voltage='(-inf-2.32455]'_Class=48","0.021329579904720657","_Temperature=*_Humidity='(36.8011-41.05725]'_Light='(699.2-inf)'_Voltage='(2.645535-inf)'_Class=48","_Temperature_Humidity_Light_Voltage","48"
"0.5864203464410891","0.002079504774613791","0.003267538066268312","0.0","_Rcdminutes='(576.5-873.5]'_Humidity=*_Light='(242.88-699.2]'_Voltage='(2.645535-inf)'_Class=48","0.021781886124496018","_Rcdminutes='(873.5-1154.5]'_Humidity=*_Light='(699.2-inf)'_Voltage='(2.645535-inf)'_Class=48","_Rcdminutes_Humidity_Light_Voltage","48"
"0.31645773472874433","0.0012557846616220013","0.0031497684586278977","0.0","_Rcdminutes='(873.5-1154.5]'_Temperature='(23.4527-30.5773]'_Humidity='(29.31155-36.8011]'_Light='(699.2-inf)'_Class=49","0.022809340394800193","_Rcdminutes='(-inf-288.5]'_Temperature='(-inf-19.9737]'_Humidity='(36.8011-41.05725]'_Light='(106.72-242.88]'_Class=49","_Rcdminutes_Temperature_Humidity_Light","49"
"0.40287058974203266","0.0017290583250731016","0.0037092645326742735","0.0","_Rcdminutes='(-inf-288.5]'_Temperature='(-inf-19.9737]'_Light=*_Voltage='(2.5879-2.645535]'_Class=49","0.0217092607859302","_Rcdminutes='(288.5-576.5]'_Temperature='(-inf-19.9737]'_Light=*_Voltage='(2.645535-inf)'_Class=49","_Rcdminutes_Temperature_Light_Voltage","49"
"0.5131496435065318","0.0021470696381026434","0.004015120388781448","0.0","_Rcdminutes='(1154.5-inf)'_Temperature='(30.5773-inf)'_Humidity='(-inf-29.31155]'_Voltage=*_Class=49","0.025186567164179104","_Rcdminutes='(576.5-873.5]'_Temperature='(19.9737-21.7181]'_Humidity='(36.8011-41.05725]'_Voltage=*_Class=49","_Rcdminutes_Temperature_Humidity_Voltage","49"
"0.5159940249686334","0.0019040369925041824","0.004416489048682605","0.0","_Temperature=*_Humidity='(-inf-29.31155]'_Light='(106.72-242.88]'_Voltage='(-inf-2.32455]'_Class=49","0.03984111699566683","_Temperature=*_Humidity='(36.8011-41.05725]'_Light='(699.2-inf)'_Voltage='(2.645535-inf)'_Class=49","_Temperature_Humidity_Light_Voltage","49"
"0.6327200708290053","0.00230919733879199","0.003964954025359233","0.0","_Rcdminutes='(1154.5-inf)'_Humidity=*_Light='(106.72-242.88]'_Voltage='(-inf-2.32455]'_Class=49","0.021455223880597014","_Rcdminutes='(873.5-1154.5]'_Humidity=*_Light='(699.2-inf)'_Voltage='(2.645535-inf)'_Class=49","_Rcdminutes_Humidity_Light_Voltage","49"
"0.012232318739276863","7.693282225960291E-5","6.933397889425118E-4","0.0","_Rcdminutes='(873.5-1154.5]'_Temperature='(-inf-19.9737]'_Humidity='(44.29965-inf)'_Light='(242.88-699.2]'_Class=50","0.008483192476329669","_Rcdminutes='(-inf-288.5]'_Temperature='(-inf-19.9737]'_Humidity='(41.05725-44.29965]'_Light='(10.58-106.72]'_Class=50","_Rcdminutes_Temperature_Humidity_Light","50"
"0.30008896231810406","0.0024597455927713448","0.005404303729785236","0.0","_Rcdminutes='(-inf-288.5]'_Temperature='(-inf-19.9737]'_Light=*_Voltage='(2.5879-2.645535]'_Class=50","0.03895278642689204","_Rcdminutes='(288.5-576.5]'_Temperature='(-inf-19.9737]'_Light=*_Voltage='(2.645535-inf)'_Class=50","_Rcdminutes_Temperature_Light_Voltage","50"
"0.36747791828175663","0.0026062263707926003","0.0052043650820359395","0.0","_Rcdminutes='(-inf-288.5]'_Temperature='(-inf-19.9737]'_Humidity='(44.29965-inf)'_Voltage=*_Class=50","0.04082734955836564","_Rcdminutes='(576.5-873.5]'_Temperature='(-inf-19.9737]'_Humidity='(36.8011-41.05725]'_Voltage=*_Class=50","_Rcdminutes_Temperature_Humidity_Voltage","50"
"0.2823282709538033","0.001869723648700684","0.005162771381166139","0.0","_Temperature=*_Humidity='(44.29965-inf)'_Light='(-inf-10.58]'_Voltage='(2.5879-2.645535]'_Class=50","0.047277117620893434","_Temperature=*_Humidity='(44.29965-inf)'_Light='(242.88-699.2]'_Voltage='(2.645535-inf)'_Class=50","_Temperature_Humidity_Light_Voltage","50"
"0.44856071678210613","0.002990404778547374","0.0049512667392307","0.0","_Rcdminutes='(-inf-288.5]'_Humidity=*_Light='(-inf-10.58]'_Voltage='(2.5879-2.645535]'_Class=50","0.03234415708203597","_Rcdminutes='(873.5-1154.5]'_Humidity=*_Light='(699.2-inf)'_Voltage='(2.645535-inf)'_Class=50","_Rcdminutes_Humidity_Light_Voltage","50"
"0.34682424926424626","0.0013390897654990204","0.0029557923087342648","0.0","_Rcdminutes='(-inf-288.5]'_Temperature='(19.9737-21.7181]'_Humidity='(41.05725-44.29965]'_Light='(-inf-10.58]'_Class=51","0.024677797305213824","_Rcdminutes='(-inf-288.5]'_Temperature='(-inf-19.9737]'_Humidity='(36.8011-41.05725]'_Light='(106.72-242.88]'_Class=51","_Rcdminutes_Temperature_Humidity_Light","51"
"0.4020983855451236","0.00176358941028563","0.0035980926653782757","0.0","_Rcdminutes='(-inf-288.5]'_Temperature='(-inf-19.9737]'_Light=*_Voltage='(2.5879-2.645535]'_Class=51","0.030034443168771525","_Rcdminutes='(288.5-576.5]'_Temperature='(-inf-19.9737]'_Light=*_Voltage='(2.645535-inf)'_Class=51","_Rcdminutes_Temperature_Light_Voltage","51"
"0.47693673716048673","0.001907746948641947","0.003381826612530668","0.0","_Rcdminutes='(288.5-576.5]'_Temperature='(-inf-19.9737]'_Humidity='(41.05725-44.29965]'_Voltage=*_Class=51","0.019196326061997705","_Rcdminutes='(576.5-873.5]'_Temperature='(-inf-19.9737]'_Humidity='(36.8011-41.05725]'_Voltage=*_Class=51","_Rcdminutes_Temperature_Humidity_Voltage","51"
"0.5550399146621899","0.0021347689025468844","0.004028750519359145","0.0","_Temperature='(30.5773-inf)'_Humidity='(-inf-29.31155]'_Light='(106.72-242.88]'_Voltage='(-inf-2.32455]'_Class=51","0.027240773286467488","_Temperature='(19.9737-21.7181]'_Humidity='(36.8011-41.05725]'_Light='(242.88-699.2]'_Voltage='(2.645535-inf)'_Class=51","_Temperature_Humidity_Light_Voltage","51"
"0.6188473925267984","0.00221016925902428","0.0033832242971538512","0.0","_Rcdminutes='(-inf-288.5]'_Humidity=*_Light='(-inf-10.58]'_Voltage='(2.5879-2.645535]'_Class=51","0.01951779563719862","_Rcdminutes='(873.5-1154.5]'_Humidity=*_Light='(699.2-inf)'_Voltage='(2.645535-inf)'_Class=51","_Rcdminutes_Humidity_Light_Voltage","51"
"0.3282561109084276","0.0014524606677364053","0.0030462636619316887","0.0","_Rcdminutes='(-inf-288.5]'_Temperature='(19.9737-21.7181]'_Humidity='(41.05725-44.29965]'_Light='(-inf-10.58]'_Class=52","0.01702541651465402","_Rcdminutes='(288.5-576.5]'_Temperature='(-inf-19.9737]'_Humidity='(41.05725-44.29965]'_Light='(106.72-242.88]'_Class=52","_Rcdminutes_Temperature_Humidity_Light","52"
"0.43877390713543324","0.002059971395002034","0.00401176869584503","0.0","_Rcdminutes='(-inf-288.5]'_Temperature='(-inf-19.9737]'_Light=*_Voltage='(2.5879-2.645535]'_Class=52","0.022643436808353668","_Rcdminutes='(288.5-576.5]'_Temperature='(-inf-19.9737]'_Light=*_Voltage='(2.645535-inf)'_Class=52","_Rcdminutes_Temperature_Light_Voltage","52"
"0.5071081807542505","0.0020614153689197173","0.003611620883890561","0.0","_Rcdminutes='(1154.5-inf)'_Temperature='(30.5773-inf)'_Humidity='(-inf-29.31155]'_Voltage=*_Class=52","0.021981028821597956","_Rcdminutes='(576.5-873.5]'_Temperature='(-inf-19.9737]'_Humidity='(36.8011-41.05725]'_Voltage=*_Class=52","_Rcdminutes_Temperature_Humidity_Voltage","52"
"0.5812822711351029","0.0024947736958588107","0.00401485527024378","0.0","_Temperature='(30.5773-inf)'_Humidity='(-inf-29.31155]'_Light='(242.88-699.2]'_Voltage='(-inf-2.32455]'_Class=52","0.02192022376261705","_Temperature='(19.9737-21.7181]'_Humidity='(36.8011-41.05725]'_Light='(242.88-699.2]'_Voltage='(2.645535-inf)'_Class=52","_Temperature_Humidity_Light_Voltage","52"
"0.6355414141320865","0.002482583648953463","0.0038910256107811685","0.0","_Rcdminutes='(1154.5-inf)'_Humidity=*_Light='(10.58-106.72]'_Voltage='(2.5879-2.645535]'_Class=52","0.02218943306282277","_Rcdminutes='(873.5-1154.5]'_Humidity=*_Light='(242.88-699.2]'_Voltage='(2.645535-inf)'_Class=52","_Rcdminutes_Humidity_Light_Voltage","52"
"0.30715991139888643","0.0013413096567636961","0.003408334086760476","0.0","_Rcdminutes='(-inf-288.5]'_Temperature='(-inf-19.9737]'_Humidity='(44.29965-inf)'_Light='(-inf-10.58]'_Class=53","0.02982590885816692","_Rcdminutes='(-inf-288.5]'_Temperature='(-inf-19.9737]'_Humidity='(44.29965-inf)'_Light='(10.58-106.72]'_Class=53","_Rcdminutes_Temperature_Humidity_Light","53"
"0.3308271445521344","0.0014902123628474523","0.00402654430059091","0.0","_Rcdminutes='(-inf-288.5]'_Temperature='(-inf-19.9737]'_Light=*_Voltage='(2.5879-2.645535]'_Class=53","0.03894562715765247","_Rcdminutes='(288.5-576.5]'_Temperature='(-inf-19.9737]'_Light=*_Voltage='(2.645535-inf)'_Class=53","_Rcdminutes_Temperature_Light_Voltage","53"
"0.5617302506976865","0.0026126988404543555","0.004648427370004095","0.0","_Rcdminutes='(576.5-873.5]'_Temperature='(30.5773-inf)'_Humidity='(-inf-29.31155]'_Voltage=*_Class=53","0.025686977299880526","_Rcdminutes='(576.5-873.5]'_Temperature='(-inf-19.9737]'_Humidity='(41.05725-44.29965]'_Voltage=*_Class=53","_Rcdminutes_Temperature_Humidity_Voltage","53"
"0.45737351739801757","0.0017591289130692983","0.005055549328313569","0.0","_Temperature='(30.5773-inf)'_Humidity='(-inf-29.31155]'_Light='(699.2-inf)'_Voltage='(-inf-2.32455]'_Class=53","0.04757637822153951","_Temperature='(-inf-19.9737]'_Humidity='(44.29965-inf)'_Light='(242.88-699.2]'_Voltage='(2.645535-inf)'_Class=53","_Temperature_Humidity_Light_Voltage","53"
"0.6941976162193594","0.0027991839363683845","0.004575792641931043","0.0","_Rcdminutes='(-inf-288.5]'_Humidity=*_Light='(-inf-10.58]'_Voltage='(2.5879-2.645535]'_Class=53","0.023662255466052936","_Rcdminutes='(873.5-1154.5]'_Humidity=*_Light='(699.2-inf)'_Voltage='(2.645535-inf)'_Class=53","_Rcdminutes_Humidity_Light_Voltage","53"
"0.2891345099707012","0.0013703057344582996","0.00425692465855336","0.0","_Rcdminutes='(1154.5-inf)'_Temperature='(30.5773-inf)'_Humidity='(-inf-29.31155]'_Light='(-inf-10.58]'_Class=54","0.041031094162511","_Rcdminutes='(-inf-288.5]'_Temperature='(-inf-19.9737]'_Humidity='(44.29965-inf)'_Light='(10.58-106.72]'_Class=54","_Rcdminutes_Temperature_Humidity_Light","54"
"0.34489588820189343","0.0018248459693221875","0.0052801626473544935","0.0","_Rcdminutes='(1154.5-inf)'_Temperature='(30.5773-inf)'_Light=*_Voltage='(-inf-2.32455]'_Class=54","0.05595482546201232","_Rcdminutes='(288.5-576.5]'_Temperature='(-inf-19.9737]'_Light=*_Voltage='(2.5879-2.645535]'_Class=54","_Rcdminutes_Temperature_Light_Voltage","54"
"0.5927657076292313","0.0028093161499015704","0.005442098524993452","0.0","_Rcdminutes='(1154.5-inf)'_Temperature='(30.5773-inf)'_Humidity='(-inf-29.31155]'_Voltage=*_Class=54","0.041031094162511","_Rcdminutes='(576.5-873.5]'_Temperature='(-inf-19.9737]'_Humidity='(44.29965-inf)'_Voltage=*_Class=54","_Rcdminutes_Temperature_Humidity_Voltage","54"
"0.4251680721122108","0.0017568928599678132","0.005576195729705607","0.0","_Temperature=*_Humidity='(-inf-29.31155]'_Light='(699.2-inf)'_Voltage='(-inf-2.32455]'_Class=54","0.05863156350836022","_Temperature=*_Humidity='(44.29965-inf)'_Light='(699.2-inf)'_Voltage='(2.5879-2.645535]'_Class=54","_Temperature_Humidity_Light_Voltage","54"
"0.7049009270490773","0.003119030650659634","0.0058457848469965785","0.0","_Rcdminutes='(1154.5-inf)'_Humidity=*_Light='(-inf-10.58]'_Voltage='(-inf-2.32455]'_Class=54","0.041031094162511","_Rcdminutes='(873.5-1154.5]'_Humidity=*_Light='(242.88-699.2]'_Voltage='(2.645535-inf)'_Class=54","_Rcdminutes_Humidity_Light_Voltage","54"
"0.3208348072161301","0.004113266759181155","0.0088180601732382","0.0","_Rcdminutes='(-inf-288.5]'_Temperature='(-inf-19.9737]'_Humidity='(44.29965-inf)'_Light='(-inf-10.58]'_Class=55","0.05482844004244782","_Rcdminutes='(873.5-1154.5]'_Temperature='(23.4527-30.5773]'_Humidity='(41.05725-44.29965]'_Light='(10.58-106.72]'_Class=55","_Rcdminutes_Temperature_Humidity_Light","55"
"0.6253979483551468","0.009475726490229498","0.030914041606214387","0.0","_Rcdminutes='(873.5-1154.5]'_Temperature='(23.4527-30.5773]'_Light='(10.58-106.72]'_Voltage='(2.645535-inf)'_Class=55","0.21739130434782608","_Rcdminutes='(288.5-576.5]'_Temperature='(21.7181-23.4527]'_Light='(106.72-242.88]'_Voltage='(2.645535-inf)'_Class=55","_Rcdminutes_Temperature_Light_Voltage","55"
"0.5946232755571279","0.010252125440640136","0.041998656756463866","0.0","_Rcdminutes='(873.5-1154.5]'_Temperature='(23.4527-30.5773]'_Humidity='(29.31155-36.8011]'_Voltage=*_Class=55","0.2826086956521739","_Rcdminutes='(288.5-576.5]'_Temperature='(21.7181-23.4527]'_Humidity='(44.29965-inf)'_Voltage=*_Class=55","_Rcdminutes_Temperature_Humidity_Voltage","55"
"0.18442503191276666","0.002634643313039524","0.010486719319433338","0.0","_Temperature=*_Humidity='(36.8011-41.05725]'_Light='(10.58-106.72]'_Voltage='(2.645535-inf)'_Class=55","0.06521739130434782","_Temperature=*_Humidity='(41.05725-44.29965]'_Light='(10.58-106.72]'_Voltage='(2.645535-inf)'_Class=55","_Temperature_Humidity_Light_Voltage","55"
"0.46927146614170817","0.006801035741184176","0.025367393253141746","0.0","_Rcdminutes='(873.5-1154.5]'_Humidity=*_Light='(10.58-106.72]'_Voltage='(2.645535-inf)'_Class=55","0.17391304347826086","_Rcdminutes='(873.5-1154.5]'_Humidity=*_Light='(242.88-699.2]'_Voltage='(2.645535-inf)'_Class=55","_Rcdminutes_Humidity_Light_Voltage","55"
"0.15675105485232063","0.0023051625713576564","0.005997163911886215","0.0","_Rcdminutes='(288.5-576.5]'_Temperature='(-inf-19.9737]'_Humidity='(44.29965-inf)'_Light='(-inf-10.58]'_Class=56","0.030168776371308017","_Rcdminutes='(873.5-1154.5]'_Temperature='(23.4527-30.5773]'_Humidity='(36.8011-41.05725]'_Light='(-inf-10.58]'_Class=56","_Rcdminutes_Temperature_Humidity_Light","56"
"0.18670886075949367","0.005046185425932262","0.01306185468128765","0.0","_Rcdminutes='(1154.5-inf)'_Temperature='(19.9737-21.7181]'_Light=*_Voltage='(2.645535-inf)'_Class=56","0.0628691983122363","_Rcdminutes='(1154.5-inf)'_Temperature='(21.7181-23.4527]'_Light=*_Voltage='(2.645535-inf)'_Class=56","_Rcdminutes_Temperature_Light_Voltage","56"
"0.31666666666666665","0.007916666666666666","0.016548711634723903","0.0","_Rcdminutes='(-inf-288.5]'_Temperature='(-inf-19.9737]'_Humidity='(36.8011-41.05725]'_Voltage=*_Class=56","0.07257383966244725","_Rcdminutes='(1154.5-inf)'_Temperature='(21.7181-23.4527]'_Humidity='(41.05725-44.29965]'_Voltage=*_Class=56","_Rcdminutes_Temperature_Humidity_Voltage","56"
"0.2350210970464135","0.005341388569236671","0.015380551589095034","0.0","_Temperature=*_Humidity='(36.8011-41.05725]'_Light='(-inf-10.58]'_Voltage='(2.645535-inf)'_Class=56","0.07531645569620253","_Temperature=*_Humidity='(41.05725-44.29965]'_Light='(699.2-inf)'_Voltage='(2.645535-inf)'_Class=56","_Temperature_Humidity_Light_Voltage","56"
"0.3263713080168777","0.006527426160337554","0.014205910756750928","0.0","_Rcdminutes='(1154.5-inf)'_Humidity=*_Light='(106.72-242.88]'_Voltage='(2.645535-inf)'_Class=56","0.07088607594936709","_Rcdminutes='(873.5-1154.5]'_Humidity=*_Light='(699.2-inf)'_Voltage='(2.645535-inf)'_Class=56","_Rcdminutes_Humidity_Light_Voltage","56"
"0.20146764509673115","0.002650890067062252","0.004951528539955094","0.0","_Rcdminutes='(873.5-1154.5]'_Temperature='(21.7181-23.4527]'_Humidity='(41.05725-44.29965]'_Light='(242.88-699.2]'_Class=58","0.021125194574160552","_Rcdminutes='(1154.5-inf)'_Temperature='(21.7181-23.4527]'_Humidity='(41.05725-44.29965]'_Light='(242.88-699.2]'_Class=58","_Rcdminutes_Temperature_Humidity_Light","58"
"0.19112741827885257","0.00415494387562723","0.009807418917621684","0.0","_Rcdminutes='(873.5-1154.5]'_Temperature='(21.7181-23.4527]'_Light=*_Voltage='(2.645535-inf)'_Class=58","0.04947742939737603","_Rcdminutes='(1154.5-inf)'_Temperature='(21.7181-23.4527]'_Light=*_Voltage='(2.645535-inf)'_Class=58","_Rcdminutes_Temperature_Light_Voltage","58"
"0.2677340449188348","0.00524968715527127","0.010002625963830067","0.0","_Rcdminutes='(-inf-288.5]'_Temperature='(-inf-19.9737]'_Humidity='(36.8011-41.05725]'_Voltage=*_Class=58","0.03580164554147209","_Rcdminutes='(873.5-1154.5]'_Temperature='(21.7181-23.4527]'_Humidity='(41.05725-44.29965]'_Voltage=*_Class=58","_Rcdminutes_Temperature_Humidity_Voltage","58"
"0.22648432288192127","0.004440869076116103","0.010734953960651423","0.0","_Temperature=*_Humidity='(36.8011-41.05725]'_Light='(-inf-10.58]'_Voltage='(2.645535-inf)'_Class=58","0.04725372470535913","_Temperature=*_Humidity='(41.05725-44.29965]'_Light='(242.88-699.2]'_Voltage='(2.645535-inf)'_Class=58","_Temperature_Humidity_Light_Voltage","58"
"0.21970202357126972","0.0037879659236425816","0.0074857828222451885","0.0","_Rcdminutes='(-inf-288.5]'_Humidity=*_Light='(-inf-10.58]'_Voltage='(2.645535-inf)'_Class=58","0.03624638647987547","_Rcdminutes='(873.5-1154.5]'_Humidity=*_Light='(242.88-699.2]'_Voltage='(2.645535-inf)'_Class=58","_Rcdminutes_Humidity_Light_Voltage","58"
